,residue,frequency,status
0,M,0.945054945054945,C
1,E,0.5248618784530387,NC
2,K,0.6833333333333333,NC
3,-,0.0,NC
4,-,0.0,NC
5,-,0.0,NC
6,-,0.0,NC
7,-,0.0,NC
8,-,0.0,NC
9,L,0.6701570680628273,NC
10,-,0.0,NC
11,L,0.6994818652849741,NC
12,L,0.5549738219895288,NC
13,-,0.0,NC
14,-,0.0,NC
15,-,0.0,NC
16,-,0.0,NC
17,-,0.0,NC
18,-,0.0,NC
19,V,0.5782608695652174,NC
20,-,0.0,NC
21,A,0.9517543859649122,C
22,-,0.0,NC
23,-,0.0,NC
24,E,0.6081081081081081,NC
25,E,0.8628318584070797,NC
26,-,0.0,NC
27,-,0.0,NC
28,-,0.0,NC
29,D,0.5240174672489083,NC
30,-,0.0,NC
31,-,0.0,NC
32,Q,0.5478260869565217,NC
33,L,0.7012987012987013,NC
34,G,0.6320346320346321,NC
35,V,0.7974137931034483,NC
36,T,0.9913419913419913,C
37,R,0.9307359307359307,C
38,N,0.9521739130434783,C
39,K,0.9653679653679653,C
40,I,0.987012987012987,C
41,M,0.7186147186147186,NC
42,T,0.9696969696969697,C
43,A,0.987012987012987,C
44,Q,0.987012987012987,C
45,Y,0.6695652173913044,NC
46,E,0.9913419913419913,C
47,C,0.9956709956709957,C
48,Y,0.987012987012987,C
49,Q,0.987012987012987,C
50,K,0.9783549783549783,C
51,I,0.9653679653679653,C
52,M,0.9353448275862069,C
53,Q,0.7056277056277056,NC
54,D,0.88,NC
55,P,0.6869565217391305,NC
56,I,0.5482456140350878,NC
57,-,0.0,NC
58,-,0.0,NC
59,-,0.0,NC
60,E,0.7192982456140351,NC
61,G,0.7758620689655172,NC
62,P,0.5427350427350427,NC
63,Y,0.6239316239316239,NC
64,C,1.0,C
65,N,0.9743589743589743,C
66,R,0.9743589743589743,C
67,T,0.9914529914529915,C
68,W,0.9957264957264957,C
69,D,1.0,C
70,G,0.9957264957264957,C
71,W,0.9957264957264957,C
72,L,0.9872340425531915,C
73,C,1.0,C
74,W,0.9957081545064378,C
75,-,0.0,NC
76,D,0.9141630901287554,C
77,V,0.648068669527897,NC
78,A,0.648068669527897,NC
79,A,0.9063829787234042,C
80,G,0.9829787234042553,C
81,T,0.6425531914893617,NC
82,-,0.0,NC
83,S,0.902127659574468,C
84,-,0.0,NC
85,Q,0.9915254237288136,C
86,H,0.5677966101694916,NC
87,C,1.0,C
88,P,0.9957446808510638,C
89,D,0.9914893617021276,C
90,Y,0.9872340425531915,C
91,F,0.9829787234042553,C
92,Q,0.9617021276595744,C
93,D,0.9957446808510638,C
94,F,1.0,C
95,D,0.7457627118644068,NC
96,P,0.9915254237288136,C
97,S,0.9316239316239316,C
98,E,0.9829059829059829,C
99,K,0.717948717948718,NC
100,V,0.9570815450643777,C
101,T,0.927038626609442,C
102,K,0.9957081545064378,C
103,I,0.9184549356223176,C
104,C,1.0,C
105,D,0.6495726495726496,NC
106,-,0.0,NC
107,-,0.0,NC
108,G,0.9914529914529915,C
109,N,0.6340425531914894,NC
110,W,0.9957264957264957,C
111,F,0.9957264957264957,C
112,R,0.6324786324786325,NC
113,H,0.9957264957264957,C
114,P,1.0,C
115,E,0.6623931623931624,NC
116,S,0.9957264957264957,C
117,N,0.9871794871794872,C
118,R,0.9957264957264957,C
119,T,0.9700854700854701,C
120,W,1.0,C
121,T,0.9785407725321889,C
122,N,0.9828326180257511,C
123,Y,0.927038626609442,C
124,T,0.9699570815450643,C
125,Q,0.6025641025641025,NC
126,C,1.0,C
127,N,0.9273504273504274,C
128,-,0.0,NC
129,-,0.0,NC
130,T,0.9525862068965517,C
131,H,0.5862068965517241,NC
132,E,0.9267241379310345,C
133,K,0.7025862068965517,NC
134,V,0.6594827586206896,NC
135,K,0.6379310344827587,NC
136,T,0.9912280701754386,C
137,A,0.9956140350877193,C
138,L,0.6916299559471366,NC
139,N,0.9955947136563876,C
140,L,0.9647577092511013,C
141,F,0.6431718061674009,NC
142,Y,0.9955947136563876,C
143,L,0.9823788546255506,C
144,A,0.5462555066079295,NC
145,I,0.6916299559471366,NC
146,I,0.986784140969163,C
147,G,0.9955947136563876,C
148,H,1.0,C
149,G,0.920704845814978,C
150,L,0.9956140350877193,C
151,S,0.9956140350877193,C
152,I,0.6885964912280702,NC
153,A,0.6331877729257642,NC
154,S,0.9737991266375546,C
155,L,1.0,C
156,L,0.7543859649122807,NC
157,I,0.9213973799126638,C
158,S,0.9868995633187773,C
159,L,0.9956331877729258,C
160,G,0.8521739130434782,NC
161,I,0.9826086956521739,C
162,F,0.987012987012987,C
163,F,0.974025974025974,C
164,Y,0.7186147186147186,NC
165,F,0.9827586206896551,C
166,K,0.9572649572649573,C
167,S,0.9746835443037974,C
168,L,0.9957805907172996,C
169,S,0.9788135593220338,C
170,C,0.9915254237288136,C
171,Q,1.0,C
172,R,1.0,C
173,I,1.0,C
174,T,1.0,C
175,L,0.9957446808510638,C
176,H,1.0,C
177,K,1.0,C
178,N,1.0,C
179,L,1.0,C
180,F,1.0,C
181,F,0.9871794871794872,C
182,S,1.0,C
183,F,0.9957264957264957,C
184,V,0.9786324786324786,C
185,C,0.717948717948718,NC
186,N,1.0,C
187,S,1.0,C
188,V,0.6666666666666666,NC
189,V,0.6452991452991453,NC
190,T,0.9615384615384616,C
191,I,0.9787234042553191,C
192,I,0.9744680851063829,C
193,-,0.0,NC
194,L,0.9531914893617022,C
195,T,0.9279661016949152,C
196,A,0.940677966101695,C
197,V,0.9446808510638298,C
198,A,0.9872340425531915,C
199,N,0.9829787234042553,C
200,N,0.9872340425531915,C
201,Q,0.9702127659574468,C
202,E,0.502127659574468,NC
203,L,0.9617021276595744,C
204,V,0.9531914893617022,C
205,A,0.7148936170212766,NC
206,T,0.625531914893617,NC
207,N,0.9744680851063829,C
208,P,1.0,C
209,V,0.6596638655462185,NC
210,S,0.9285714285714286,C
211,C,1.0,C
212,K,1.0,C
213,V,0.9453781512605042,C
214,S,0.8445378151260504,NC
215,Q,0.9369747899159664,C
216,F,1.0,C
217,I,0.9327731092436975,C
218,H,0.7142857142857143,NC
219,L,0.9621848739495799,C
220,Y,1.0,C
221,L,0.9621848739495799,C
222,M,0.6652719665271967,NC
223,G,0.9497907949790795,C
224,C,1.0,C
225,N,0.9832635983263598,C
226,Y,1.0,C
227,F,1.0,C
228,W,1.0,C
229,M,1.0,C
230,L,1.0,C
231,C,1.0,C
232,E,1.0,C
233,G,1.0,C
234,I,0.9497907949790795,C
235,Y,0.9791666666666666,C
236,L,1.0,C
237,H,1.0,C
238,T,1.0,C
239,L,1.0,C
240,I,0.9583333333333334,C
241,V,1.0,C
242,V,1.0,C
243,A,1.0,C
244,V,1.0,C
245,F,1.0,C
246,A,0.9875,C
247,E,0.9791666666666666,C
248,K,1.0,C
249,Q,0.9958333333333333,C
250,H,0.9791666666666666,C
251,L,0.9958333333333333,C
252,M,0.8284518828451883,NC
253,W,1.0,C
254,Y,1.0,C
255,Y,0.9874476987447699,C
256,L,0.6443514644351465,NC
257,L,1.0,C
258,G,1.0,C
259,W,1.0,C
260,G,0.9957983193277311,C
261,F,0.9915966386554622,C
262,P,1.0,C
263,L,1.0,C
264,I,0.9367088607594937,C
265,P,1.0,C
266,A,0.957983193277311,C
267,C,0.7226890756302521,NC
268,I,0.9453781512605042,C
269,H,1.0,C
270,A,0.9915966386554622,C
271,V,0.6596638655462185,NC
272,A,0.9873949579831933,C
273,R,1.0,C
274,S,0.9117647058823529,C
275,L,0.7058823529411765,NC
276,Y,1.0,C
277,Y,0.9495798319327731,C
278,N,0.9581589958158996,C
279,D,0.99581589958159,C
280,N,0.9625,C
281,C,1.0,C
282,W,1.0,C
283,I,1.0,C
284,S,0.9833333333333333,C
285,S,0.9875,C
286,D,0.6416666666666667,NC
287,T,1.0,C
288,H,0.6666666666666666,NC
289,L,1.0,C
290,L,0.9916666666666667,C
291,Y,1.0,C
292,I,1.0,C
293,I,0.9583333333333334,C
294,H,1.0,C
295,G,1.0,C
296,P,1.0,C
297,I,1.0,C
298,C,1.0,C
299,A,0.9791666666666666,C
300,A,1.0,C
301,L,0.9916666666666667,C
302,L,0.9623430962343096,C
303,V,0.9917695473251029,C
304,N,0.9793388429752066,C
305,L,0.9586776859504132,C
306,F,0.9917355371900827,C
307,F,0.9793388429752066,C
308,L,0.9793388429752066,C
309,L,0.983402489626556,C
310,N,0.9916317991631799,C
311,I,0.9916317991631799,C
312,V,1.0,C
313,R,0.9916317991631799,C
314,V,0.99581589958159,C
315,L,0.9916317991631799,C
316,I,0.9832635983263598,C
317,T,0.99581589958159,C
318,K,1.0,C
319,L,1.0,C
320,K,0.9916666666666667,C
321,V,0.7759336099585062,NC
322,T,0.9958333333333333,C
323,H,0.995850622406639,C
324,Q,0.7427385892116183,NC
325,A,0.979253112033195,C
326,E,0.991701244813278,C
327,S,1.0,C
328,N,0.6804979253112033,NC
329,L,0.995850622406639,C
330,Y,0.995850622406639,C
331,M,0.9917355371900827,C
332,K,0.9958677685950413,C
333,A,0.9958677685950413,C
334,V,0.9958677685950413,C
335,R,0.9958677685950413,C
336,A,0.9958677685950413,C
337,T,0.9917695473251029,C
338,L,0.9958677685950413,C
339,I,0.9958677685950413,C
340,L,0.9958847736625515,C
341,V,0.9876543209876543,C
342,P,0.9958847736625515,C
343,L,1.0,C
344,L,1.0,C
345,G,1.0,C
346,I,1.0,C
347,E,0.7178423236514523,NC
348,F,0.7676348547717843,NC
349,V,0.9791666666666666,C
350,L,0.9958333333333333,C
351,-,0.0,NC
352,P,1.0,C
353,W,0.725,NC
354,R,0.6804979253112033,NC
355,P,1.0,C
356,E,0.8464730290456431,NC
357,G,0.9875518672199171,C
358,R,0.7759336099585062,NC
359,I,0.6458333333333334,NC
360,A,0.6958333333333333,NC
361,E,0.7083333333333334,NC
362,E,1.0,C
363,I,0.5020746887966805,NC
364,Y,0.9585062240663901,C
365,D,0.9543568464730291,C
366,Y,0.995850622406639,C
367,I,0.5975103734439834,NC
368,M,0.921161825726141,C
369,H,0.9004149377593361,C
370,I,1.0,C
371,L,0.950207468879668,C
372,M,0.966804979253112,C
373,H,0.991701244813278,C
374,Y,0.8713692946058091,NC
375,Q,1.0,C
376,G,0.986784140969163,C
377,L,0.9911894273127754,C
378,L,0.9911894273127754,C
379,V,0.9868421052631579,C
380,A,0.6096491228070176,NC
381,T,0.9824561403508771,C
382,I,0.9824561403508771,C
383,F,0.9780701754385965,C
384,C,0.9824561403508771,C
385,F,0.9956140350877193,C
386,F,1.0,C
387,N,0.9868421052631579,C
388,G,0.986784140969163,C
389,E,0.982532751091703,C
390,V,0.9875518672199171,C
391,Q,0.979253112033195,C
392,A,0.890295358649789,NC
393,V,0.6033755274261603,NC
394,L,0.9957805907172996,C
395,R,0.890295358649789,NC
396,R,1.0,C
397,H,0.620253164556962,NC
398,W,0.9957805907172996,C
399,N,0.9578059071729957,C
400,Q,0.9957805907172996,C
401,Y,0.9493670886075949,C
402,K,0.6160337552742616,NC
403,I,0.9578059071729957,C
404,Q,1.0,C
405,F,0.9915611814345991,C
406,G,0.7257383966244726,NC
407,-,0.0,NC
408,S,0.8396624472573839,NC
409,F,0.7372881355932204,NC
410,S,0.6413502109704642,NC
411,H,0.8571428571428571,NC
412,S,0.9369747899159664,C
413,D,0.8319327731092437,NC
414,A,0.865546218487395,NC
415,L,0.680672268907563,NC
416,R,1.0,C
417,S,0.7310924369747899,NC
418,A,0.9369747899159664,C
419,S,1.0,C
420,Y,0.9831932773109243,C
421,T,1.0,C
422,V,0.6932773109243697,NC
423,S,0.9789915966386554,C
424,S,0.5546218487394958,NC
425,I,0.9621848739495799,C
426,S,0.6596638655462185,NC
427,D,0.6680672268907563,NC
428,V,0.6016949152542372,NC
429,Q,0.5914893617021276,NC
430,G,0.9230769230769231,C
431,Y,0.9098712446351931,C
432,S,0.8808510638297873,NC
433,H,0.679324894514768,NC
434,D,0.9493670886075949,C
435,C,0.5879828326180258,NC
436,-,0.0,NC
437,S,0.6919831223628692,NC
438,E,0.9873417721518988,C
439,H,0.919831223628692,C
440,L,0.759493670886076,NC
441,N,0.9915966386554622,C
442,G,0.9915611814345991,C
443,K,0.9915611814345991,C
444,S,0.5232067510548524,NC
445,-,0.0,NC
446,H,0.8220338983050848,NC
447,D,0.961864406779661,C
448,-,0.0,NC
449,E,0.6751054852320675,NC
450,-,0.0,NC
451,V,0.6137339055793991,NC
452,V,0.548936170212766,NC
453,L,0.7957446808510639,NC
454,K,0.9745762711864406,C
455,-,0.0,NC
456,E,0.7415254237288136,NC
457,K,0.5829787234042553,NC
458,L,0.6111111111111112,NC
459,Y,0.6581196581196581,NC
460,-,0.0,NC
