chain_1,residue_1,chain_2,residue_2,RRCS
P,A1,R,S286,2.1452
P,C2,R,S286,0.9161860000000001
P,C2,R,L291,0.223359
P,A5,R,Y365,0.6479560000000001
P,T6,R,M223,0.276943
P,T6,R,Y227,0.031508
P,T6,R,H295,5.599215
P,C7,R,H295,4.457039
P,T9,R,M223,0.642163
P,H10,R,Q216,0.25335599999999997
P,H10,R,M223,2.0488939999999998
P,H10,R,S286,3.6270290000000003
P,H10,R,L291,0.49229300000000004
P,H10,R,H295,3.6576449999999996
P,R11,R,S286,3.040994
P,L12,R,L141,1.5552489999999999
P,G14,R,S286,2.1352580000000003
P,R18,R,Q93,2.8767240000000003
P,S19,R,Q93,2.338019
P,G21,R,Q93,3.199856
P,V22,R,Q93,1.985514
P,V22,R,D94,0.808027
P,F27,R,Q93,1.036961
P,F27,R,D94,4.921301000000001
P,V28,R,D94,0.187134
P,P29,R,D94,1.5989209999999998
P,T30,R,F92,4.415067
P,T30,R,D94,7.87312
P,V32,R,W121,2.259944
P,G33,R,W121,6.048425
P,S34,R,W121,1.339324
P,A36,R,W121,1.7464419999999998
P,F37,R,W121,5.062193
P,F37,R,T122,5.9736199999999995
R,T37,R,F92,0.093818
R,N39,RAMP1,R67,2.698196
R,I41,R,W69,1.3558139999999999
R,M42,RAMP1,R67,1.141742
R,A44,R,W69,4.205498
R,A44,R,Y91,1.166579
R,Q45,R,W69,11.468403
R,C48,R,W69,2.970144
R,Y49,R,W69,3.814924
R,K51,R,R67,0.7365659999999999
R,I52,R,R67,6.8502220000000005
R,I52,R,W69,0.183159
R,Q54,R,R67,0.753287
R,R67,R,W75,3.182687
R,R67,R,N76,4.331943
R,R67,R,D77,15.405241
R,W69,R,C74,2.70105
R,W69,R,Y91,0.188799
R,W69,RAMP1,P85,0.818168
R,W69,RAMP1,D90,0.646777
R,D70,R,T122,4.236717
R,W72,R,F92,3.155323
R,W75,R,T122,0.806054
R,T82,R,I104,1.7075759999999998
R,E83,R,I104,2.684957
R,Y91,R,F92,1.087431
R,F92,R,D94,1.189249
R,F92,R,F95,3.4536849999999997
R,Q93,R,T131,0.19808900000000002
R,Q93,R,Q202,0.6383340000000001
R,D94,R,F95,1.744168
R,D94,R,C127,1.345467
R,D94,R,N128,3.9901160000000004
R,D94,R,T131,5.290493
R,V101,R,T122,0.6514770000000001
R,T102,R,T122,2.317958
R,K103,R,W121,0.242972
R,K103,R,T122,7.214785000000001
R,I104,R,N110,0.35046900000000003
R,I104,R,W111,5.383609
R,I104,R,F112,5.601773000000001
R,F112,R,W121,2.6615889999999998
R,R113,R,W121,0.010740999999999999
R,H114,R,W121,6.739933000000001
R,W121,R,N123,6.058048
R,W121,R,T125,0.7172729999999999
R,T122,R,Y124,3.268926
R,T137,R,L141,0.41847399999999996
R,T137,R,Y367,1.019559
R,L141,R,L144,0.799457
R,L141,R,D366,1.338041
R,L141,R,Y367,2.01757
R,L141,R,H370,6.160405
R,L144,R,Y367,0.19458399999999998
R,T145,R,H149,0.463559
R,H149,R,S188,9.729576
R,H149,R,T191,0.27602899999999997
R,H149,R,I192,1.131492
R,H149,R,H374,6.482989
R,I158,R,I162,0.111778
R,I158,R,F386,1.26235
R,L160,R,F164,0.268998
R,L160,R,K178,2.5396099999999997
R,L160,R,F181,3.225923
R,L160,R,F182,2.458149
R,L160,R,V185,0.29480100000000004
R,F163,R,K178,3.216945
R,F164,R,K178,7.696791999999999
R,F166,R,S168,0.490525
R,S168,B,D312,0.9138149999999999
R,S168,B,F335,1.0413270000000001
R,S168,R,L169,0.339226
R,C171,R,Q172,0.117078
R,Q172,R,Y236,3.5866519999999995
R,Q172,R,E248,0.257795
R,Q172,R,K249,0.364523
R,Q172,R,Q250,5.100283
R,Q172,R,H251,0.280146
R,Q172,R,L252,4.157447
R,I174,R,K178,0.399791
R,T175,R,K178,0.203145
R,L176,R,Y255,0.017303
R,N179,R,W229,5.335995
R,N179,R,Y256,4.63472
R,N179,R,W260,0.649501
R,L180,R,M230,1.047974
R,S183,R,C225,3.4106099999999997
R,S183,R,N226,6.34759
R,S183,R,W229,0.007873
R,S183,R,W260,1.9934880000000001
R,F184,R,M230,0.8060689999999999
R,C186,R,L222,0.43105600000000005
R,N187,R,L222,3.647299
R,N187,R,M223,5.221123
R,V190,R,L222,1.003017
R,H194,R,Q216,4.308994
R,V205,R,N281,1.006521
R,N208,R,N281,8.397514
R,Q216,R,H219,0.186665
R,Q216,R,L220,3.321971
R,Q216,R,C282,0.747776
R,Q216,R,W283,4.643947
R,Q216,R,I284,1.3875620000000002
R,F217,R,A267,4.881661
R,I218,R,L222,0.6359739999999999
R,H219,R,M223,1.298625
R,L220,R,L291,0.018562000000000002
R,Y221,R,L222,2.172587
R,Y221,R,L264,6.864611999999999
R,Y221,R,A267,0.925599
R,L222,R,C225,0.25556
R,M223,R,Y227,1.2148450000000002
R,M223,R,H295,1.203633
R,M223,R,I298,0.52231
R,C225,R,G259,2.909884
R,C225,R,W260,3.331468
R,C225,R,P263,2.438731
R,N226,R,Y227,0.081638
R,Y227,R,M230,1.2833139999999998
R,Y227,R,I298,5.258859999999999
R,Y227,R,A301,0.40084699999999995
R,Y227,R,L302,0.392727
R,Y227,R,F349,1.626682
R,Y227,R,M373,0.913183
R,Y227,R,Q376,0.472466
R,F228,R,A301,1.02197
R,W229,R,C232,0.7225739999999999
R,W229,R,Y255,2.594795
R,M230,R,L302,0.090236
R,M230,R,N305,5.090386
R,M230,R,P343,0.013983
R,M230,R,L344,2.9697150000000003
R,M230,R,L345,4.713544000000001
R,M230,R,G346,0.46815500000000004
R,M230,R,Q376,1.039871
R,L231,R,A301,4.848319999999999
R,C232,R,Y255,4.2649
R,C232,R,L258,1.899734
R,C232,R,G259,1.246375
R,G234,R,F308,4.040769999999999
R,G234,R,L345,1.185195
R,I235,R,Y255,2.3323970000000003
R,I235,R,F308,3.5245019999999996
R,Y236,R,Q250,0.795146
R,Y236,R,Y255,4.874789
R,H238,R,F308,9.807387
R,H238,R,N311,3.2681430000000002
R,T239,R,V245,0.509025
R,T239,R,Y255,0.29575
R,L240,R,V245,2.830849
R,V242,R,N311,0.30159899999999995
R,V245,A,R380,1.991573
R,V245,A,I383,1.510723
R,V245,A,Q384,2.861186
R,V245,A,H387,0.35734699999999997
R,V245,R,F246,1.687516
R,Q250,R,Y255,0.535489
R,L252,R,Y255,2.417807
R,L264,R,C268,0.035966000000000005
R,L264,R,I269,0.009756
R,H270,R,L291,0.648252
R,A273,R,Y278,0.331619
R,R274,R,Y278,1.313521
R,R274,R,L291,1.388234
R,Y278,R,D280,2.78667
R,Y278,R,S285,4.771501
R,Y278,R,D287,1.380536
R,Y278,R,T288,3.4996910000000003
R,Y278,R,L290,0.47056400000000004
R,D280,R,N281,0.781017
R,S285,R,L291,1.020381
R,S286,R,L291,0.040597
R,T288,R,L291,0.11281300000000001
R,L291,R,H295,0.568583
R,I294,R,H295,0.023308000000000002
R,H295,R,I298,0.350503
R,L302,R,L345,0.290133
R,L302,R,V350,1.739839
R,V304,R,F308,2.043889
R,N305,R,F308,0.18266400000000002
R,N305,R,L345,6.7190199999999995
R,L306,R,V350,0.250576
R,F307,R,F308,1.2637559999999999
R,F307,R,N311,3.738174
R,L309,R,L345,0.990656
R,N311,R,R314,2.549903
R,V315,R,T318,0.342157
R,T318,R,K319,0.42455600000000004
R,Y331,R,M332,0.046588
R,Y331,R,V335,0.8524
R,V335,R,L339,0.694767
R,R336,R,I340,3.340381
R,I340,A,E392,0.420843
R,I340,R,I383,2.079566
R,I340,R,F384,2.447006
R,L344,R,L345,1.2521200000000001
R,L345,R,I347,1.0646879999999999
R,I352,R,Y365,3.924172
R,P353,R,Y365,1.673299
R,W354,R,Y365,5.143718
R,E363,R,Y365,1.9543490000000001
R,Y365,R,M369,4.597936
R,I371,R,L372,0.16359300000000002
R,I371,R,F375,0.942635
R,I371,R,Q376,0.139904
RAMP1,V111,R,Y278,5.3784730000000005
RAMP1,R112,R,Y278,2.174983
RAMP1,D113,R,Y278,3.108004
RAMP1,V137,R,Y255,0.140706
RAMP1,V138,R,F308,0.149501
RAMP1,S141,R,Q250,0.220588
RAMP1,S141,R,Y255,4.27332
