,4L6R,5EE7,5YQZ,5XF1,5XEZ,6KK7,5VEW,6KJV,6KK1,6LN2,5VEX
"1.34,1.37",0.158354,0.0,0.0,0.0,0.0,0.0,0.0,0.0,0.0,0.0,0.0
"1.35,7.36",0.0,0.0,1.958135,0.0,0.0,0.0,0.0,0.0,0.0,0.0,0.0
"1.36,1.39",0.0,2.26908,0.0,0.0,0.0,0.0,0.0,0.0,0.0,0.0,0.0
"1.38,1.42",0.0,0.149659,0.747947,0.0,0.0,0.390134,0.28663,0.072686,0.197634,1.269429,1.172184
"1.39,7.36",0.0,0.0,1.081905,0.0,0.0,0.0,0.0,0.0,0.0,0.0,0.0
"1.39,7.39",0.0,0.177847,0.0,0.0,0.0,0.0,0.0,0.0,0.0,0.0,0.0
"1.39,7.4",3.1661189999999997,14.404652,17.649823,5.615991,4.691619,5.787806,1.647531,1.002564,8.931382000000003,0.0,1.853136
"1.39,7.43",0.0,2.419393,0.0,0.0,0.0,0.0,0.07802,0.0,0.0,0.0,0.0
"1.4,1.41",0.0,0.0,0.0,0.0,0.0,0.333063,0.521754,0.539075,0.335391,0.0,0.4555149999999999
"1.4,1.43",0.157771,3.763472,1.937144,0.0,0.0,0.0,0.0,0.0,0.0,4.070838,0.0
"1.4,1.44",0.0,0.338549,0.355547,0.245662,0.432676,3.3683370000000004,2.827173,2.611231,2.641991,2.718857,3.4764120000000003
"1.4,2.68",0.470283,3.9072,2.641811,1.939082,1.821019,4.627726,5.134659,5.0098699999999985,5.595035,4.062667,5.424887
"1.41,1.42",0.0,0.0,0.11016,0.0,0.0,0.0,0.0,0.0,0.0,0.0,0.0
"1.42,7.4",0.0,0.0,3.0589419999999996,0.0,0.0,0.188406,0.0,0.0,0.0,0.0,0.0
"1.42,7.44",1.962204,0.0,3.041675,0.0,0.0,0.699285,1.649509,1.686873,1.47487,1.805505,1.426282
"1.42,7.47",0.0,0.749853,0.0,0.220984,0.07622999999999999,0.211374,1.032184,0.516134,0.964619,1.057516,0.969548
"1.42,7.48",0.7188260000000001,0.7593979999999999,0.0,0.056375,0.0,0.520419,1.332301,0.589354,1.182048,1.631674,2.112792
"1.43,1.47",1.677231,1.064338,2.825256,3.181735,2.77379,8.97604,7.057517,8.231666,7.553353,3.809943,6.70493
"1.43,2.64",0.642161,0.25858000000000003,0.214743,4.138794,1.737539,1.668953,1.664716,1.59496,1.911549,2.399639,1.433119
"1.43,2.68",2.385875,7.802645,5.635104,2.486239,0.223894,0.0,0.0,0.0,0.0,0.0,0.0
"1.43,7.43",0.557407,0.030135,2.527017,3.384408,5.766843,4.578544,4.808736,4.191548,5.580839,0.497354,5.0033769999999995
"1.43,7.47",3.236878,3.882534,1.171332,1.240056,1.088651,3.148466,3.738655000000001,2.820025,3.1288009999999997,4.284738,2.9066080000000003
"1.44,2.65",1.179498,0.8971370000000001,1.841189,0.285522,0.206677,0.118075,0.188461,0.165954,0.24054,0.0,0.076136
"1.45,1.49",0.619645,0.0004440000000000001,0.0,0.0,0.0,0.057029,0.045109,0.0,0.0,0.0,0.030833999999999993
"1.45,7.48",0.0,0.525411,0.0,0.0,0.0,0.302772,0.060234,0.034155,0.110677,0.0,1.483784
"1.46,7.47",2.745471,6.457904,5.0448260000000005,5.147025,5.895124,3.412757,6.2416529999999995,4.212524,6.337035,4.495822,5.333692
"1.46,7.48",5.63018,4.893667,1.148306,3.433879,2.146879,5.779241000000002,4.485322,3.268215,4.06345,4.3533919999999995,5.7740860000000005
"1.47,2.6",2.485388,3.585314,0.504608,2.112111,3.815568,1.755637,3.14622,3.124572,2.644202,4.140226,2.141682
"1.47,2.61",2.805214,3.459364,1.725855,1.736198,3.220178,1.46391,2.330921,1.968165,1.7576470000000002,1.042161,2.0592349999999997
"1.47,2.64",3.6025370000000003,3.842546,1.576031,2.577298,1.009484,2.154682,3.951429,3.592711,3.421865,4.048954,4.424355
"1.47,2.65",0.196467,1.569335,1.125042,0.8547600000000001,0.5076069999999999,2.757521,4.1042510000000005,3.253961,3.96353,0.0,4.383637
"1.47,7.46",7.434239,0.366845,0.0,5.513971,3.2540259999999996,2.566505,2.973637,3.067114,3.63317,0.398002,3.2959
"1.47,7.47",14.050935999999998,9.039396,8.149718,10.732162,8.903045,9.734023,7.224002,6.171723,7.950315,10.15343,6.538521
"1.48,2.65",1.345616,1.569271,0.527984,1.867057,1.4377879999999998,1.294751,1.717536,1.445885,1.523708,0.0,1.640455
"1.49,7.48",0.0,0.28413499999999997,1.101676,0.745892,0.687669,0.865994,0.5362680000000001,0.4945479999999999,0.534079,0.5422359999999999,0.6666300000000001
"1.49,7.51",0.056025,0.5478810000000001,1.540652,2.821389,1.7051759999999998,0.8905299999999999,1.132019,0.43847,0.534899,2.803316,1.804565
"1.5,1.54",0.0,0.080429,0.0,0.0,0.0,0.103748,0.064068,0.099402,0.114731,0.0,0.300281
"1.5,7.47",2.208428,2.104559,2.737922,2.418277,2.384472,1.846997,2.281312,1.938756,2.152972,1.32243,2.174896
"1.5,7.48",0.585304,2.228024,2.048238,1.844853,2.3475040000000003,2.420903,2.46235,1.47155,2.031831,0.17111600000000002,1.617298
"1.5,7.5",5.5370940000000015,3.271898,5.8698,2.367932,5.225276,3.167825,3.720015,3.198903,3.934484,1.562965,3.718879
"1.5,7.51",4.447931,4.688778,5.438607,6.6612740000000015,5.080778,6.839801,5.279803,5.783542,5.7907519999999995,5.28742,5.172089
"1.51,2.58",1.19416,2.651528,2.067685,1.367491,0.473378,1.891362,1.987159,1.449198,1.7858759999999998,4.872324,1.735583
"1.51,2.61",0.161745,0.216525,1.038685,1.20881,0.7057760000000001,0.8875040000000001,0.841764,0.604162,0.644725,2.087756,0.570176
"1.51,2.62",0.17412,1.251552,1.74407,0.272804,0.672513,0.0,1.610606,0.0,0.0,1.288858,0.0
"1.51,2.65",0.330834,0.209331,0.0,0.0,0.0,1.7614189999999998,2.03743,1.451388,1.447288,0.0,2.634887
"1.53,7.51",0.735218,0.926287,1.28832,0.515891,1.478706,0.949827,0.678321,0.662147,0.6511779999999999,0.983562,0.680149
"1.53,7.54",1.045721,1.420029,1.752047,0.714738,0.990586,1.018617,1.512331,1.371969,1.497224,1.426084,1.398568
"1.53,7.59",1.424717,2.43324,3.803058,1.37908,1.841063,3.137172,2.830262,2.332186,2.785976,2.621092,3.064997
"1.54,2.54",3.618358,3.771691000000001,3.693493,0.0,0.182872,3.098892,2.987142,2.26793,2.55049,0.093279,2.475787
"1.54,2.57",1.873645,2.106154,2.61063,0.0,0.0,1.590311,1.641827,1.010576,1.664612,0.0,1.512238
"1.54,2.58",1.4139540000000002,1.990358,2.25411,0.711043,0.86998,2.6553709999999997,3.279342,2.573696,2.94638,2.756269,2.608151
"1.54,7.5",4.030096,3.863993,4.491209,0.0,0.049785,3.4633879999999997,4.4282059999999985,4.038976,4.245902,0.0,4.256286
"1.54,7.54",1.745181,1.370382,0.743639,0.422667,0.415584,1.874117,2.011006,2.363593,2.236385,1.370924,1.854131
"1.55,2.58",0.774486,0.431912,0.081736,0.299224,0.265826,1.13291,1.084223,1.147587,1.525571,2.134676,1.168157
"1.56,1.6",0.0,0.389878,1.545797,0.034579,0.6119979999999999,0.528419,0.612186,0.567731,0.4644529999999999,0.42692,0.6359319999999999
"1.56,7.59",1.269323,2.180191,2.8854450000000003,1.842631,2.567725,0.228746,1.074713,0.8354440000000001,0.998305,0.0,0.6800510000000001
"1.57,2.54",0.613358,1.822169,1.820861,0.331436,1.305565,0.691545,0.622579,0.19914,0.212269,1.125369,0.451388
"1.57,7.54",0.345036,0.342521,0.627776,0.0,0.038647,0.28129299999999996,0.6885100000000001,0.26038,0.398598,0.485262,0.319321
"1.57,7.58",2.758904,2.1010560000000003,3.19929,2.276251,2.455389,2.250961,3.173588,2.764355,2.737273,3.138325,2.931151
"1.58,2.51",2.6810560000000003,2.5661810000000003,2.689875,1.7253580000000002,0.941346,2.104303,2.157518,2.098656,2.518177,2.568089,2.478354
"1.58,2.54",3.595968,2.635768,2.8677080000000004,0.835709,0.760312,1.02809,1.408551,0.669466,0.814513,3.047427,0.41143
"1.58,2.55",0.10419,0.0,0.1785,0.17085699999999998,0.192445,0.0,0.0,0.0,0.0,0.0,0.0
"1.58,2.58",0.0,0.28646900000000003,0.341474,0.50755,0.168873,0.306613,0.267677,0.116195,0.26271100000000003,0.907044,0.249654
"1.6,1.64",0.0,0.523782,0.794246,0.156378,0.0,1.69146,1.328385,1.467047,1.6568,0.0,1.494522
"1.6,12.5",0.0,0.241627,0.0,0.0,0.0,1.740631,1.646659,1.350998,1.918959,1.214882,1.523485
"1.6,7.59",0.0,0.691808,1.051239,0.418759,1.7001970000000002,0.249102,0.8962540000000001,0.555996,0.465466,0.0,0.0
"1.6,8.5",0.577434,0.562107,0.62402,0.0,0.616896,0.200163,0.71203,0.133338,0.5481010000000001,0.970224,0.626356
"1.6,8.54",0.666972,0.028467000000000006,1.257038,0.0,0.0,2.470128,3.0385560000000003,3.093654,2.969462,0.0,2.709675
"1.61,12.5",0.927129,0.085268,2.57483,0.182879,0.0,2.742985,2.9147540000000003,2.355455,3.2557669999999996,2.771943,2.606905
"1.61,12.51",0.0,2.063257,0.0,0.0,0.0,1.40079,1.119612,1.109639,1.301191,0.816602,1.137844
"1.61,2.47",0.335472,3.4369440000000004,1.488446,2.259803,1.440716,3.978229,3.836348000000001,2.713338,2.641702,3.621789,3.700309
"1.61,2.5",0.0,0.542956,0.070612,0.149364,0.234383,0.420003,0.429241,0.38318,0.446662,0.299919,0.415644
"1.61,2.51",0.0,0.764821,0.001936,0.0,0.11086300000000003,2.0611669999999997,1.63134,1.135528,1.228726,2.050939,2.158884
"1.61,2.54",0.514584,1.363641,0.803104,0.587834,0.183251,1.522677,1.691777,1.218471,1.316402,1.341317,1.440191
"1.61,7.58",0.4442430000000001,0.189831,0.7514390000000001,1.29817,0.665501,0.0,0.199195,0.322153,0.28262800000000005,0.199469,0.041328
"1.62,12.51",0.0,2.41008,0.0,0.0,0.0,4.5932129999999995,3.539082,3.3893370000000003,4.031496,2.979429,4.698924
"1.64,12.5",0.0,2.6446419999999997,0.0,0.0,0.0,2.0886720000000003,2.363538,1.7623669999999998,2.199877,0.934769,1.993079
"1.64,8.53",0.208254,0.7729699999999999,2.09029,0.570418,0.0,2.796323,7.366153,5.650869,6.626415,3.029332,6.645364999999999
"1.64,8.54",0.0,0.20631599999999994,0.789701,0.0,0.0,0.860671,4.158652,2.342124,3.069022,0.0,2.482121
"12.48,12.51",0.150782,0.06317,0.0,0.0,0.0,0.338488,0.089022,0.44333,0.317971,0.15244100000000002,0.050512
"12.49,8.49",0.0030670000000000003,0.0,3.346589,0.0,0.0,0.0,0.0,0.0,0.0,0.0,0.0
"12.5,2.47",0.0,6.157357,0.494746,0.0,0.0,4.772749,5.14096,4.909623000000002,5.4909300000000005,5.292685,5.3860790000000005
"12.5,8.49",0.0,2.129998,0.0,0.0,0.0,0.25055700000000003,1.257456,0.892855,1.035599,0.3920300000000001,0.7648659999999999
"12.5,8.5",0.0,2.3959200000000003,0.0,0.0,0.0,1.789623,2.574544,1.902852,2.355331,0.985391,1.635992
"12.51,2.48",0.0,0.0,0.0,0.0,0.0,8.688055,6.885591000000002,5.76021,6.870887,8.164906,7.6713179999999985
"2.44,2.46",0.856349,0.0,0.0,0.377988,0.477687,1.451131,1.467929,1.273751,1.237838,0.729334,0.728276
"2.44,2.47",4.09049,2.8409259999999996,1.0756940000000002,3.3516209999999997,3.086162,1.207784,1.393241,1.422624,1.365319,1.81091,0.988046
"2.45,2.49",0.0,0.294539,0.385813,0.0,0.0,0.0,0.0,0.0,0.0,0.0,0.0
"2.45,3.53",0.0,1.157758,2.164444,0.24847199999999994,0.026876,2.413264,2.276137,2.09558,2.421318,0.924607,2.639681
"2.45,4.42",0.0,0.679605,0.519849,0.0,0.0,0.0,0.313225,0.318405,0.274253,0.0,0.0
"2.46,2.47",1.447068,0.0,0.0,0.127895,0.0,3.499563,3.768021,2.8383540000000003,2.7500400000000003,4.322906,3.778019
"2.46,2.5",2.947605,0.0,0.0,0.702838,0.16378800000000002,1.5919530000000002,1.177481,1.6825560000000002,0.983823,1.375113,0.960662
"2.46,3.53",0.0,0.0,0.0,4.318476,6.121532,5.780736,5.1472440000000015,3.811937,4.7900279999999995,6.687709,6.0438279999999995
"2.46,8.47",2.446854,0.0,0.0,3.040006,2.859428,0.349894,0.727183,0.405835,0.186362,2.495131,0.6410819999999999
"2.46,8.49",3.752678,0.0,0.0,0.055823000000000005,0.223402,0.23419,0.520412,0.0,0.0,0.701781,0.501739
"2.47,2.5",0.8433129999999999,1.548347,0.5736,0.987678,0.487375,1.319958,0.991266,0.8489329999999999,0.774316,0.132225,0.588514
"2.48,4.42",0.0,1.445877,3.0464830000000003,0.0,0.0,0.396806,1.998124,1.653323,1.866122,3.231206,1.204167
"2.49,2.5",0.0,0.0,0.0,0.25984,0.0,0.07886,0.1914,0.065049,0.0,0.220196,0.100383
"2.49,3.46",2.3364119999999997,1.758896,1.7603810000000002,1.173678,1.948344,2.380458,2.9895560000000003,0.991733,1.805458,3.4611050000000003,2.267833
"2.49,3.5",5.121884,2.984123,3.2068950000000003,3.549413,3.89911,3.5044230000000005,2.32156,2.416873,2.3075810000000003,4.619033,2.549709
"2.49,3.53",0.534458,2.094136,3.179215,2.284253,3.911092,1.916379,2.536825,2.32315,2.273659,2.589536,2.228328
"2.49,4.42",0.0,0.825633,1.851099,0.0,0.0,0.275062,0.962849,0.810983,0.957879,2.820426,0.549561
"2.49,4.45",0.0,0.669806,0.643977,0.0,0.0,0.10087,1.073823,0.751269,0.838736,1.3661,0.8804780000000001
"2.5,2.54",0.466005,0.678814,0.423262,0.8515530000000001,0.343737,0.781629,1.04647,0.916053,1.30344,0.661099,0.980532
"2.5,3.5",7.473992,6.9965779999999995,6.664414,6.887063,8.621228,6.1266989999999995,6.731551,5.374086,6.290817,8.913744,6.6797119999999985
"2.5,7.57",7.884963000000001,13.17393,10.925987,4.588682,8.373774000000001,10.570209,9.216062,8.077674,10.082588,7.9284919999999985,9.374247
"2.52,3.46",11.021707,8.909025999999997,10.291387,8.635895,8.253405,11.934719,11.399342,9.517362,11.981051,12.048242,12.505595
"2.52,4.42",0.0,0.485912,1.98716,0.0,0.0,0.139195,0.221328,0.15995299999999998,0.199246,1.012827,0.896807
"2.52,4.46",0.0,0.0,0.928994,0.0,0.0,0.292225,0.338584,0.183007,0.279415,0.35754600000000003,0.114613
"2.52,4.5",1.707966,6.704541000000001,8.555454,6.5791710000000005,5.35034,3.224924,6.411867,3.610671,4.690281,6.422914,4.775028
"2.53,2.54",0.0,0.0,0.234588,0.0,1.339561,0.0,0.0,0.0,0.0,0.0,0.0
"2.53,2.56",0.152381,0.38925,0.0,0.0,0.0,0.274416,0.186788,0.204022,0.171003,0.29297399999999996,0.231494
"2.53,2.57",1.133816,1.699852,1.891856,0.0,0.917575,1.21287,1.42587,1.153384,1.317598,0.678319,1.021902
"2.53,3.43",0.0,1.1193,0.098893,0.82316,0.489939,0.693667,1.013116,0.490824,0.6031340000000001,1.268672,0.975309
"2.53,3.46",5.691339,2.3607419999999997,4.0386690000000005,3.791527,4.279989,3.909618,3.143441,1.413245,2.756054,3.524741000000001,3.647292
"2.53,3.47",0.5739310000000001,0.32555100000000003,1.681505,0.763787,1.606726,1.009038,0.567105,0.5738949999999999,0.658634,0.619492,0.5925279999999999
"2.53,3.5",1.07308,0.646131,1.5258459999999998,1.6007209999999998,0.786958,0.8705719999999999,0.244925,0.208842,0.342896,2.132908,0.779095
"2.53,7.53",0.0,1.151505,1.38752,0.930609,1.260282,0.724005,0.884459,0.7856920000000001,0.979057,1.040064,0.95081
"2.54,7.53",2.526582,2.777151,4.848013,2.660071,3.189406,1.7674009999999998,2.157771,1.61954,2.082938,1.632744,2.454288
"2.54,7.57",0.984803,1.069309,2.222648,0.761058,1.169363,0.856433,1.129853,1.122869,1.440774,1.141626,1.55132
"2.54,7.58",1.366322,0.338472,0.964129,0.503518,1.58333,0.173533,0.13413699999999998,0.0,0.0,0.4264350000000001,0.0
"2.55,4.5",0.0,0.0,0.841901,0.950955,0.402861,0.340068,0.885476,0.7401909999999999,0.908686,0.742693,1.413911
"2.56,2.57",1.441959,0.563646,0.7288279999999999,0.264359,1.379409,0.849899,0.584912,0.568334,0.4755279999999999,0.659285,0.364068
"2.56,3.39",2.159702,1.760778,0.65725,1.251023,0.634498,1.778393,2.077021,1.093582,1.880069,2.688303,2.421412
"2.56,3.42",1.6669580000000002,2.186481,1.846235,2.085542,1.450519,2.143675,1.549366,1.273816,1.7326279999999998,2.590414,1.67219
"2.56,3.43",4.162306,6.670388000000001,6.8303899999999995,8.308826,6.9021940000000015,7.812185,7.208803,6.428541,7.529049,7.4193289999999985,7.038798
"2.56,3.46",0.748708,0.301078,0.740143,0.106928,0.098352,0.027408999999999996,0.0,0.0,0.0,0.0,0.0
"2.56,4.5",0.0,2.945272,0.0,1.07455,0.798291,1.707299,2.733041,2.064016,2.724463,2.522189,2.955478
"2.57,3.43",4.570418,13.453722,9.251385,11.794524,12.373526,8.141389,8.785842,7.672147,8.80695,13.078401,8.755965
"2.57,3.47",0.0,0.0,0.8854110000000001,0.0,0.0,0.0,0.0,0.0,0.0,0.0,0.0
"2.57,7.49",2.489841,0.71996,2.50691,3.51496,1.7346669999999995,2.419531,2.116218,1.283378,1.245829,5.692482,2.499995
"2.57,7.5",1.83942,1.345337,0.612505,2.475551,1.501013,1.998648,1.450582,1.85626,2.004468,2.29843,2.077214
"2.57,7.53",0.703823,0.863183,2.462789,1.843014,0.372476,0.883539,1.7511740000000002,1.153602,1.551608,1.556848,1.507705
"2.59,3.39",0.054456,0.372671,1.284715,0.0,0.0,3.09002,2.6082810000000003,2.662787,3.063307,2.445868,2.52478
"2.59,4.5",0.0,0.0,0.0,0.054175,0.244154,0.0,0.0,0.0,0.0,0.0,0.0
"2.6,2.64",0.134568,0.242326,0.518754,0.0,0.0,0.0,0.0,0.0,0.0,0.0,0.0
"2.6,3.39",1.572293,0.186509,1.890216,0.0,0.0,2.7701990000000003,3.088885,2.422429,3.748208,3.96176,3.081209
"2.6,3.4",0.0,2.372486,2.78735,1.023195,0.977671,1.890722,1.95838,1.475862,2.066535,1.442121,2.57597
"2.6,3.43",1.087369,0.845584,1.787453,1.933329,1.326366,4.162992,2.7151259999999997,2.516311,3.222486,2.3401490000000003,2.888928
"2.6,3.44",0.0,0.0,0.0,0.0,0.0,0.0,0.0,0.0,0.0,0.0,0.0
"2.6,7.46",3.766488,0.0,0.0,0.404411,0.886691,1.0187959999999998,1.123134,0.85241,0.676216,1.308159,0.8538120000000001
"2.62,2.66",0.0,0.0,0.0,0.06801900000000001,0.0,0.0,0.0,0.0,0.0,0.0,0.0
"2.63,3.32",1.165772,0.0,1.371803,2.014924,2.379365,1.639375,0.0,0.0,1.2824799999999998,0.0,0.0
"2.63,3.35",2.833705,0.0,1.66206,3.014606,2.451439,2.588796,0.0,0.0,1.86916,0.0,0.0
"2.63,3.36",3.727471,0.0,4.50523,4.430958,4.165704,4.034399,0.0,0.0,2.316617,0.0,0.0
"2.63,3.39",0.0,0.0,0.0,0.0,0.0,0.0,0.0,0.0,0.10779,0.0,0.0
"2.64,2.68",0.0,0.0,0.5516810000000001,0.374015,0.222648,0.0,0.0,0.0,0.0,0.0,0.0
"2.66,3.32",0.677032,0.0,0.25276,0.6456770000000001,0.854841,1.295806,0.0,0.0,0.0,0.0,0.0
"2.67,2.68",0.0,0.0,0.0,0.0,0.0,0.0,0.0,0.0,0.0,0.0,0.0
"2.67,2.71",0.91085,0.430279,0.6390170000000001,0.416221,0.210162,0.0,0.0,0.0,0.0,0.0,0.0
"2.67,3.32",1.095611,2.251104,3.005737,2.017457,1.325544,0.13806300000000002,0.211192,0.192185,0.934199,0.417143,0.006328
"2.67,3.33",1.755139,1.332881,1.985041,0.8675440000000001,0.875268,0.0,0.0,0.0,0.0,0.0,0.0
"2.67,3.36",0.545523,0.665504,0.543896,0.538483,0.233471,0.0,0.0,0.0,0.0,0.0,0.0
"2.68,2.71",0.0,0.0,0.190028,0.0,0.0,1.991395,1.19359,0.838103,1.211219,0.407286,0.399855
"2.7,3.32",0.0,0.0,0.227388,0.0,0.0,0.0,0.0,0.0,0.0,0.0,0.0
"3.29,45.5",5.5780980000000016,6.212612,7.116114,4.8997209999999995,4.918821,4.333773000000001,4.060537999999998,4.139525,4.6504970000000005,6.346081,4.000557
"3.3,45.51",0.0,12.339248,12.070672,3.977144,8.644893,0.672545,8.941044,11.170944,12.75129,0.0,8.496261
"3.33,4.6",0.0,0.0,0.022461,0.0,0.0,3.439965,3.3882830000000004,2.830673,2.959556,1.965017,2.576748
"3.33,45.5",0.543117,0.514351,1.66635,0.0,0.0,2.557379,3.002119,2.047965,2.257822,1.680022,2.868209
"3.33,45.51",0.0,0.0,0.69238,0.857555,0.852844,1.863152,1.518484,1.124183,1.255829,0.08448,2.199616
"3.33,45.52",0.0,0.0,0.647396,0.0,0.0,0.0,0.0,0.0,0.0,0.0,0.0
"3.34,4.57",0.0,0.739283,1.315491,0.0,0.555879,1.685988,2.06803,1.989981,2.360234,0.814679,1.888577
"3.34,4.6",0.0,0.0,1.265896,0.0,0.0,1.484718,1.523876,1.536042,1.251758,1.112294,1.228585
"3.34,4.61",0.0,0.250227,0.673383,0.6745439999999999,0.0,0.687652,1.0686950000000002,0.520771,0.498314,0.445092,0.858605
"3.34,45.51",0.0,0.917521,0.854719,1.202625,0.693725,0.0,0.313653,0.152087,0.28441500000000003,0.675466,0.399005
"3.36,3.37",1.014224,0.8393700000000001,1.941803,0.0,0.0,0.0,0.0,0.0,0.0,0.0,0.0
"3.36,3.4",0.0,0.170573,1.430796,0.847181,0.607258,0.0,0.0,0.073219,0.0,0.0,0.0
"3.37,4.57",0.245534,0.878712,1.385442,0.961642,0.925942,0.457312,1.379274,0.553026,1.199459,1.065694,0.724156
"3.37,4.6",0.0,0.0,4.013014,0.0,0.0,1.985441,2.271203,1.48145,2.108349,0.957977,1.047807
"3.37,5.36",0.0,15.375088,0.0,0.0,0.0,0.0,0.0,0.0,0.0,0.0,0.0
"3.37,5.39",1.76711,1.7239330000000002,2.609931,0.604305,0.944786,3.797425,2.856297,1.242626,1.329811,0.0,2.784837
"3.38,3.42",0.0,0.0,0.189196,0.0,0.0,0.0,0.0,0.0,0.0,0.0,0.0
"3.38,4.5",2.1083939999999997,10.396191,9.483893,5.5952449999999985,5.655837,9.351139,8.968078,9.081381,10.238248,8.160337,9.130133
"3.38,4.53",0.7443609999999999,2.241519,5.2925900000000015,1.559858,2.670095,2.23533,2.054003,1.917026,2.060796,3.72384,1.246223
"3.38,4.54",1.454199,0.0,2.834387,4.165255,5.514136,1.814241,3.161408,3.211581,3.0827419999999996,6.886217,2.652414
"3.38,4.57",0.0,1.540536,4.413434,2.6614009999999997,0.935312,1.551971,2.041945,1.252032,1.00262,4.043551,1.276615
"3.4,3.44",0.0,0.142128,0.414005,0.0,0.0,1.128422,1.002158,1.270677,1.201909,0.665621,1.084748
"3.41,4.53",4.973294,2.7131529999999997,2.19639,2.511419,4.516749,2.31865,3.3895980000000003,3.594804,3.383137,3.089907,3.269606
"3.41,4.57",1.617181,0.379857,0.135325,0.6826270000000001,0.687295,0.215082,0.440349,0.300658,0.25479,0.597955,0.420641
"3.41,5.43",2.808953,0.803303,1.577895,1.514575,0.784161,1.346147,0.451858,0.0,0.0,1.156901,0.181971
"3.42,4.49",0.0,1.566545,1.596961,1.168002,1.5228540000000002,1.381235,2.27539,2.014462,1.77107,1.350974,2.377247
"3.42,4.5",0.0,1.046134,0.7807390000000001,0.293844,0.5591689999999999,1.788257,1.208028,0.842569,0.999797,1.567125,1.064256
"3.42,4.53",3.235303,2.188825,2.259587,1.794218,2.316737,0.6781550000000001,1.816337,1.4339540000000002,1.405816,1.481024,1.34783
"3.43,3.47",0.0,0.0,0.0,0.0,0.0,0.0,0.0,0.0,0.0,0.0,0.0
"3.44,3.47",1.20584,0.0,0.0,0.206285,0.0,0.0,0.0,0.0,0.0,0.0,0.0
"3.44,5.43",0.489702,2.9581880000000003,5.7753809999999985,2.206544,2.227693,2.171793,3.43408,1.819066,1.883875,1.6601669999999995,3.2376270000000003
"3.44,5.46",1.479533,0.773913,1.180697,0.7411770000000001,0.883288,0.0,0.59964,0.114349,0.666597,0.24218,0.938493
"3.44,5.5",0.292954,0.447345,0.0,0.42566,0.410091,0.4848310000000001,0.523142,0.544341,0.7256729999999999,0.899445,0.4972859999999999
"3.44,6.53",2.241711,0.0,4.5883389999999995,3.489214,3.405718,0.0,0.175692,0.0,0.0,0.364874,3.009254
"3.44,7.46",0.0,0.0,0.0,0.0,0.0,0.0,0.0,0.0,0.0,0.0,0.0
"3.45,4.48",0.0,2.539034,2.243517,1.863662,3.872317,3.794763,3.748276,2.698896,3.245146,1.727165,3.703832
"3.45,4.49",3.03212,1.250229,2.652684,0.941236,2.352549,0.852894,1.97309,1.241505,1.192481,1.462664,1.815897
"3.45,4.52",0.0,0.109299,0.385386,0.230008,0.347723,1.521801,2.791586,1.606619,1.870415,3.923939,2.370371
"3.45,4.53",2.674002,1.58047,1.109035,1.380138,2.5663970000000003,0.697421,1.107227,0.756031,0.435185,1.858698,1.371834
"3.45,5.46",0.0,0.023933000000000003,0.0,0.0,0.0,0.9858,1.977952,2.6694400000000003,3.0520560000000003,3.043009,1.989065
"3.46,3.49",1.098711,2.573353,2.234757,3.093636,2.61027,1.835097,1.984212,2.0022990000000003,2.01422,2.221375,2.105789
"3.46,4.45",0.0,2.465512,2.703576,0.0,0.0,1.803494,2.494214,2.278692,2.3228,2.935542,2.5352330000000003
"3.46,4.46",2.980011,1.200863,2.394495,3.3232510000000004,2.157482,3.690341000000001,4.1790400000000005,3.360186,3.671678,4.02084,4.798921
"3.46,4.49",0.0,9.953545,8.289589999999999,7.351544,7.73507,9.647603,8.561678,8.374538000000001,8.556977,9.712631,7.766889
"3.46,4.5",6.787933,12.359694,11.12574,8.950902000000003,10.442344,10.8907,11.652618,12.063196,12.780667,13.561563,12.701705
"3.47,3.5",0.0,0.07115,0.0,0.0,0.0,0.528802,0.0,0.0,0.0,0.0,0.0
"3.47,5.5",3.221414,2.34577,3.83364,1.7643939999999998,2.776178,3.459019,4.117895,2.659582,3.737805,6.942639,2.891051
"3.47,6.47",0.0,0.0,0.0,0.0,0.0,0.0,0.0,0.0,0.0,0.0,0.0
"3.47,6.48",0.0,0.0,0.0,0.0,0.0,0.0,0.0,0.0,0.0,0.0,0.0
"3.47,6.49",0.843397,1.672282,1.858057,0.705441,0.0,0.8285290000000001,1.184557,0.8729459999999999,0.8801190000000001,0.0,0.735336
"3.47,6.5",0.0,0.0,0.0,0.0,0.0,0.0,0.0,0.0,0.0,0.0,0.0
"3.47,7.49",0.0,0.0,0.0,0.0,0.0,0.0,0.0,0.0,0.0,0.0,0.0
"3.48,3.52",1.217267,0.0,1.073495,0.924178,0.03329,0.668009,0.516781,0.585823,0.448564,0.471376,0.458979
"3.48,5.46",0.637868,1.265814,0.586476,1.2096559999999998,1.19138,0.435355,0.237344,0.0,0.131045,0.095046,0.097282
"3.48,5.49",2.023278,1.4914459999999998,2.317513,1.587465,1.414044,1.3848790000000002,1.750863,1.38359,1.864144,0.942841,1.270709
"3.48,5.5",8.628146000000001,8.675168,6.498121,7.109527000000001,7.3970850000000015,8.802458999999997,6.55194,5.155426,5.231115,6.949483,4.587142
"3.48,5.53",0.0,0.943951,1.369722,0.414707,0.014315,0.549916,0.0,0.0,0.0,0.0,0.0
"3.49,4.45",0.100788,4.43441,3.717422,0.019707,0.208857,3.163335,4.6205110000000005,1.968756,3.644161,4.111425,4.432966
"3.49,4.48",0.0,1.05906,1.376547,0.0,0.097658,0.310555,1.638283,1.7997029999999998,1.4868370000000002,0.8833219999999999,1.225086
"3.49,4.49",0.0,0.348984,0.375026,0.01994,0.116593,0.143042,0.084287,0.13003599999999998,0.111919,0.412395,0.003659
"3.5,6.48",0.0,0.0,0.0,0.0,0.0,0.0,0.0,0.0,0.0,0.0,0.0
"3.5,6.49",0.0,0.0,0.0,0.0,0.0,0.0,0.0,0.0,0.0,0.0,0.0
"3.51,5.5",0.250936,0.08720399999999999,0.511759,0.02682,0.158004,0.201652,0.0,0.0,0.0,0.0,0.0
"3.51,5.53",2.503401,2.287591,2.526831,1.459438,1.014058,2.0851189999999997,1.5310290000000002,1.228815,1.440211,2.437063,1.659704
"3.51,6.49",0.0,0.0,0.0,0.0,0.0,0.0,0.0,0.0,0.0,0.0,0.0
"3.52,4.45",0.0,0.977319,2.262244,0.0,0.0,1.54446,0.32103899999999996,0.0371,0.314827,2.091609,0.6945479999999999
"3.52,5.53",0.8583799999999999,2.018682,2.098938,1.3981370000000002,1.215324,1.166499,0.0,0.0,0.0,0.007686,0.0
"3.53,3.57",0.198187,1.55491,4.5115,2.255087,3.1531,0.900575,1.288973,0.863513,0.7796930000000001,5.4050080000000005,1.2906
"3.53,4.45",1.891653,1.868658,3.716966,0.0,0.0,0.0,1.783605,1.370702,0.6846979999999999,4.736179,0.5024270000000001
"3.54,3.58",0.0,0.77176,0.962228,0.0,0.0,0.170323,0.0,0.080359,0.220258,0.024578,0.0
"3.54,5.57",1.777483,1.7854869999999998,1.243945,1.00719,1.509199,0.6365649999999999,1.332014,0.5213220000000001,0.849622,1.057956,1.280339
"3.54,6.45",0.0,0.0,0.0,0.0,0.0,0.0,0.0,0.0,0.0,0.0,0.0
"3.54,6.48",0.0,0.0,0.0,0.0,0.0,0.0,0.0,0.0,0.0,0.0,0.0
"3.55,3.6",3.942029,0.0,0.0,0.278414,0.114162,0.0,0.0,0.0,0.0,0.0,0.0
"3.55,5.53",0.015886,0.373741,0.354425,0.140512,0.403468,0.32398899999999997,0.25717399999999996,0.0,0.0,1.047076,0.108086
"3.55,5.56",2.2452229999999997,2.495078,5.624827,0.041944,0.407444,0.8189489999999999,1.611111,2.756124,1.347724,0.238874,2.068954
"3.56,3.57",0.0,0.0,0.0,0.546185,0.732635,0.0,0.0,0.0,0.0,0.0,0.0
"3.56,3.6",0.0,0.0,1.024172,0.030441000000000006,0.756102,0.0,0.0,0.0,0.0,0.0,0.0
"3.56,4.41",0.0,0.95084,1.969251,2.218604,3.02601,0.0,0.0,0.0,0.0,0.0,0.0
"3.56,4.45",0.0,0.709407,1.144433,0.0,0.0,0.017385,0.379958,0.258803,0.278533,2.201077,0.331625
"3.58,5.57",0.0,1.874796,0.996345,0.0,0.0,2.2229099999999997,1.905299,0.979795,0.941037,0.130327,1.52699
"3.58,5.6",0.0,1.611976,4.295978,1.443109,1.096889,1.07466,1.7984830000000005,0.8275020000000001,1.340075,0.250742,1.684139
"4.41,4.44",0.0,0.628289,0.633178,0.0,0.0,0.0,0.0,0.0,0.0,0.683229,0.0
"4.41,4.45",0.0,5.590431,2.828869,0.674227,3.73303,1.720539,2.381575,2.944698,2.604882,2.443955,2.49681
"4.42,4.46",0.713771,1.885461,4.239202,0.0,0.29883899999999997,3.561672,1.2089379999999998,0.743466,0.811034,2.2446189999999997,1.401081
"4.44,4.48",0.0,0.30881,1.868431,0.0,0.0,0.016986,0.063347,0.0,0.0,0.0,0.30077
"4.46,4.5",0.0,0.12842,0.6006060000000001,0.0,0.0,1.424053,0.08114299999999999,0.050636,0.038913,0.988637,0.063337
"4.46,4.51",0.0,1.138036,1.189838,0.0,0.0,0.466377,0.8709879999999999,0.775231,0.8243090000000001,0.714613,0.731622
"4.47,4.52",0.0,2.758931,1.942943,1.501116,0.7041970000000001,1.553977,0.0,0.0,0.0,0.0,0.0
"4.48,4.53",0.0,1.824399,0.591751,0.414236,0.020641999999999997,2.516232,1.771119,1.714407,1.6904880000000002,1.042866,1.682482
"4.52,4.53",0.8893129999999999,0.8850610000000001,0.699557,0.822967,0.906585,0.99812,0.8485450000000001,1.087173,0.995103,1.108707,1.037686
"4.52,4.55",0.0,0.0,0.199124,0.0,0.0,0.0,0.0,0.0,0.0,0.032628,0.0
"4.54,4.58",0.566233,0.0,0.890156,1.041352,2.129167,1.069764,0.828952,0.8173560000000001,0.7595149999999999,0.404508,0.25545100000000004
"4.54,4.59",0.648596,0.0,0.570854,1.24215,1.073034,0.263181,0.405216,0.139572,0.215326,1.100048,0.16735899999999998
"4.56,5.38",1.577803,0.0,4.320197,2.208095,1.793511,2.33958,2.1916130000000003,1.860087,1.771192,5.344386,3.692794
"4.56,5.39",0.0,1.215982,0.796604,0.0,0.0,3.4551190000000003,0.639076,1.305446,1.360098,2.085839,0.8335540000000001
"4.56,5.42",3.009855,5.492649,7.4438119999999985,7.714998,7.321211,5.274268,7.81544,7.387648,8.278606,6.3600910000000015,7.539329
"4.57,5.39",0.007079,0.841979,1.911609,0.28282399999999996,1.696964,0.0,0.0,0.853816,1.215359,0.0,0.090589
"4.58,4.59",0.900127,1.434914,1.447979,1.021433,1.13292,1.811717,1.696843,1.974259,1.987307,1.829975,1.890429
"4.58,4.62",0.0,0.07787000000000001,0.0,0.0,0.0,0.0,0.0,0.0,0.039859,0.4713810000000001,0.0
"4.59,5.38",0.0,0.0,0.0,0.0,0.0,0.117708,0.387262,0.32100300000000004,0.5325310000000001,0.0,0.34423400000000004
"4.6,4.64",0.0,1.265362,3.257017,0.0,0.0,4.71847,3.827092,3.522164,3.585564,0.579245,4.133987
"4.6,45.51",0.0,0.0,3.092979,0.0,0.0,0.0,0.6157,1.7979080000000005,2.010863,0.782615,1.14648
"4.6,5.36",0.0,5.226173,0.0,0.0,0.0,0.0,0.0,0.0,0.0,0.992777,0.0
"4.6,5.38",4.779512,6.449147,1.643719,0.558725,5.928209,2.047087,2.456165,3.1034080000000004,2.843059,1.252084,2.045502
"4.6,5.39",0.0,0.0,8.999467,0.0,0.0,2.917091,4.479507,2.411137,3.766828,0.0,5.3600059999999985
"4.61,45.51",0.0,0.885824,1.45746,1.49464,0.30543200000000004,0.0,1.231365,0.455911,0.7988609999999999,4.324406,0.898517
"4.62,4.63",0.0,0.0,0.0,0.0,0.0,0.02259,0.0,0.0,0.0,0.03846,0.0
"4.63,4.67",0.0,1.665529,0.12680999999999998,0.0,0.0,0.457116,0.081537,0.116514,0.097287,1.463202,0.27886
"4.63,4.68",0.0,1.035419,0.886181,0.296953,0.061744000000000014,2.500491,0.838332,1.239457,1.064872,0.680914,0.762763
"4.63,5.38",0.0,0.0,0.6617460000000001,0.0,0.0,0.26427,0.7072510000000001,0.634048,0.733504,0.0,0.700028
"4.64,4.68",0.0,2.939592,4.576251999999998,0.094216,0.315508,4.877754,4.239718,6.113525,5.380299,0.0,6.663207000000001
"4.64,45.51",0.0,8.118826,10.350495,0.977943,0.0,2.060211,14.362137,11.870255,11.123502,10.060141,11.212272
"4.65,4.66",0.0,0.0,0.0,0.789231,0.847513,0.543447,0.641994,0.57085,0.59217,0.0,0.997632
"4.65,45.51",0.0,4.11485,3.909199,3.685511,5.821063,0.0,5.466633,0.849618,1.617783,1.4057540000000002,5.426845
"4.66,4.67",0.0,4.753502,2.667281,0.0,0.234051,3.020748,2.165816,2.748329,2.526951,1.492308,0.480914
"4.68,45.51",0.0,1.5050940000000002,1.1942620000000002,0.229759,0.0,0.07674500000000001,2.635323,2.086566,1.921133,1.098287,0.0
"45.5,45.52",0.0,1.384916,0.032447000000000004,0.0,0.0,0.0,0.0,0.0,0.0,0.0,0.0
"5.36,5.39",0.0,2.906334,0.0,0.0,0.0,0.0,0.0,0.0,0.406032,0.0,0.0
"5.36,5.4",3.703207,0.0,3.667931,0.030104,0.0,7.111875,8.144045,6.15879,8.203354,0.600973,0.785161
"5.37,5.4",0.0,9.757643,0.0,0.0,0.0,0.0,0.0,0.0,0.0,0.0,0.0
"5.37,5.41",0.0,1.232328,0.0,0.0,0.0,1.353427,2.411135,2.347518,2.191149,0.427413,1.561883
"5.4,5.44",0.0,2.622848,0.0,1.004595,0.0,0.0,0.0,0.0,0.0,0.0,0.0
"5.4,6.6",0.0,4.192923,0.0,0.0,0.0,0.0,0.0,0.0,0.0,0.0,0.0
"5.41,5.42",3.679451999999999,0.7955770000000001,1.727664,0.8765620000000001,1.008425,1.04554,0.644894,0.8221120000000001,0.8741059999999999,0.814737,0.656379
"5.41,5.44",0.0,2.233074,0.028207,0.0,0.0,0.360153,0.0,0.175241,0.0,0.466607,0.0
"5.43,5.47",0.0,0.77637,0.0,0.4213520000000001,0.4961390000000001,0.0,0.0,0.0,0.0,0.0,0.0
"5.44,6.57",0.0,1.15821,0.0,0.472682,0.0,1.273983,1.1011959999999998,0.478631,0.747004,1.738531,0.451056
"5.44,6.58",0.0,0.0,0.0,0.0,0.0,0.0,0.894286,0.626736,0.7332569999999999,0.3549,0.958847
"5.45,5.49",0.0,0.944468,1.378708,0.494875,0.0,0.122783,0.810752,1.071918,0.723064,0.241292,0.8083060000000001
"5.47,6.5",2.470311,1.75144,0.0,1.864741,1.401265,0.0,0.0,0.0,0.0,0.0,0.0
"5.47,6.53",0.0,0.0,0.0,0.0,0.0,0.0,0.0,0.0,0.0,0.0,0.0
"5.47,6.54",0.0,0.070285,0.0,0.579079,0.860311,0.0,0.0,0.0,0.0,0.0,0.0
"5.5,6.49",0.0,0.0,0.0,0.0,0.0,0.0,0.0,0.0,0.0,0.0,0.0
"5.51,5.54",0.0,0.0,0.0,0.0,0.050921,1.592612,0.5751229999999999,0.485324,0.537084,0.160462,0.202767
"5.51,5.55",1.768875,2.345593,1.383694,0.0,0.0,0.0,0.0,0.0,0.0,0.0,0.0
"5.51,6.51",0.0,0.0,0.0,0.0,0.0,2.543314,2.1977919999999997,2.56049,2.39874,2.664209,2.726135
"5.51,6.54",0.0,0.0,0.0,0.0,0.0,1.575582,0.945012,0.8247899999999999,0.793828,1.578674,0.916316
"5.53,5.57",0.282877,1.158674,0.086616,0.901291,1.147962,0.323455,0.671532,0.6116010000000001,0.646533,0.470779,0.510262
"5.53,6.49",0.0,0.0,0.0,0.0,0.0,0.0,0.0,0.0,0.0,0.0,0.0
"5.54,5.58",0.008638,1.3764610000000002,2.251631,0.325194,0.0,2.602088,1.931007,1.866691,2.152564,2.11789,2.63395
"5.54,6.42",0.0,0.0,0.0,0.0,0.0,0.0,0.0,0.0,0.0,0.0,0.0
"5.54,6.45",0.0,0.0,0.0,0.0,0.0,0.0,0.0,0.0,0.0,0.0,0.0
"5.54,6.46",2.294332,0.28920799999999997,1.768541,0.0,0.253863,1.850037,0.8555149999999999,1.603184,1.133886,0.295565,1.066224
"5.54,6.49",0.0,0.0,0.0,0.0,0.0,0.0,0.0,0.0,0.0,0.0,0.0
"5.54,6.51",0.0,0.0,0.0,0.0,0.0,0.0,0.0,0.0,0.0,0.0,0.0
"5.56,5.59",0.039393,3.030573,0.038377,0.0,0.0,2.071801,1.1043889999999998,1.232508,1.22845,0.496992,0.134183
"5.57,5.61",0.0,0.640894,0.0,0.0,0.0,0.412247,0.4867939999999999,0.5461630000000001,0.4537640000000001,0.455035,0.533071
"5.57,6.45",0.0,0.0,0.0,0.0,0.0,0.0,0.0,0.0,0.0,0.0,0.0
"5.58,5.62",0.0,0.243258,0.0,0.113847,0.0,0.548317,0.286062,0.248871,0.28745,0.336347,0.158933
"5.58,6.42",0.0,0.0,0.0,0.0,0.0,0.0,0.0,0.0,0.0,0.0,0.0
"5.6,5.64",0.0,0.0,0.0,0.0,0.0,1.337962,0.690526,0.704493,0.62017,0.0,0.874792
"5.61,5.65",0.0,0.0,1.21663,0.373658,0.0,1.165864,0.748678,0.798339,1.136823,0.989793,0.783163
"5.61,6.38",0.0,0.0,0.0,0.0,0.0,0.0,0.0,0.0,0.0,0.0,0.0
"5.61,6.41",0.0,0.0,0.0,0.0,0.0,0.0,0.0,0.0,0.0,0.0,0.0
"5.62,5.66",0.0,0.0,3.083971,0.0,0.0,0.0,0.0,0.0,0.0,0.0,0.0
"5.62,6.38",0.0,0.0,0.0,0.0,0.0,0.0,0.0,0.0,0.0,0.0,0.0
"5.63,5.64",0.12636,0.0,0.0,0.0,0.0,0.0,0.0,0.0,0.0,0.0,0.0
"5.65,6.38",0.0,0.0,0.0,0.0,0.0,0.0,0.0,0.0,0.0,0.0,0.0
"5.66,6.34",0.0,0.0,0.0,0.0,0.0,0.0,0.0,0.0,0.0,0.0,0.0
"6.34,6.35",0.125446,0.0,4.917631,4.633259,3.4922730000000004,0.0,0.0,0.0,0.0,0.0,0.0
"6.37,6.4",0.0,0.108827,0.0,0.0,0.0,0.210675,0.115908,0.0,0.061214,0.0,0.411517
"6.37,6.41",0.0,0.0,0.0,0.0,0.0,0.0,0.0,0.0,0.0,0.0,0.0
"6.4,6.44",0.0,0.0,0.023355,0.0,0.0,0.0,0.0,0.0,0.0,0.0,0.0
"6.42,6.43",0.0,0.0,0.0,0.0,0.0,0.0,0.0,0.0,0.0,0.0,0.0
"6.43,6.46",0.0,0.0,0.0,0.0,0.0,0.0,0.0,0.0,0.0,0.0,0.063239
"6.43,7.56",0.0,0.0,0.0,0.0,0.0,0.0,0.0,0.0,0.0,0.0,0.0
"6.44,7.56",0.437607,0.765329,1.940758,0.0,0.0,1.934915,0.975325,0.731126,1.077121,0.0,1.040738
"6.44,7.57",0.0,0.0,0.0,0.0,0.0,0.0,0.0,0.0,0.0,0.0,0.0
"6.45,6.48",0.0,0.0,0.0,0.0,0.0,0.317934,0.506132,0.418027,0.4339,0.0,0.095218
"6.45,6.49",0.679755,0.0,1.227314,0.609358,0.957117,0.355365,0.4702189999999999,0.5424329999999999,0.465699,0.137647,0.8571139999999999
"6.45,7.57",1.701823,2.193348,1.945181,1.523537,2.291945,2.467984,2.763232,2.919263,2.791254,1.53665,2.747171
"6.46,6.47",2.0207919999999997,1.464201,1.441345,1.322102,1.301137,1.6952599999999998,1.2052889999999998,1.435137,1.330087,0.823831,1.2166629999999998
"6.46,6.51",0.0,0.0,0.0,0.0,0.070699,0.580886,0.234115,0.261508,0.28515,0.099314,0.470415
"6.46,6.52",0.0,0.0,0.0,0.0,0.0,0.0,0.0,0.0,0.0,0.0,0.0
"6.47,7.49",0.0,0.0,0.0,0.0,0.0,0.0,0.0,0.0,0.0,0.0,0.0
"6.47,7.52",0.0,0.0,0.0,0.0,0.0,0.0,0.0,0.0,0.0,0.0,0.0
"6.47,7.53",0.0,0.0,0.0,0.0,0.0,0.0,0.0,0.0,0.0,0.0,0.0
"6.47,7.56",0.0,0.0,0.0,0.0,0.0,0.0,0.0,0.0,0.0,0.0,0.0
"6.48,6.49",0.0,0.0,0.0,0.05982100000000001,0.217041,2.1329439999999997,0.962557,1.075434,1.162056,1.202521,0.595418
"6.48,7.53",0.0,0.0,0.0,0.0,0.0,0.0,0.0,0.0,0.0,0.0,0.0
"6.48,7.57",0.0,0.0,0.0,0.0,0.0,0.0,0.0,0.0,0.0,0.0,0.0
"6.49,7.49",1.779656,2.615888,1.963998,2.2731470000000003,1.656222,4.2282769999999985,0.617456,2.9317599999999997,3.626925,3.180607,0.551758
"6.5,7.49",0.0,0.0,0.0,0.0,0.0,0.0,0.0,0.0,0.0,0.0,0.0
"6.51,6.54",0.0,0.0,0.0,0.0,0.0,0.0,0.0,0.0,0.0,0.0,0.0
"6.52,6.53",3.663247,0.0,0.23739,0.517045,0.8721610000000001,0.464125,0.0,0.0,0.0,0.373597,0.0
"6.52,7.42",0.7556609999999999,2.464697,3.973802,7.29841,5.6299660000000005,2.702931,5.8167339999999985,5.482941,4.460344,0.0,6.83166
"6.52,7.45",2.506374,0.0,1.052017,1.951873,2.000856,0.0,0.0,0.0,0.0,0.0,0.0
"6.52,7.46",0.185294,2.938149,2.6162669999999997,3.2856410000000005,2.757674,0.0,0.0,0.0,0.0,0.0,0.0
"6.52,7.49",6.472798,2.415493,0.0,0.961283,0.753929,0.0,0.0,0.0,0.0,0.0,0.0
"6.53,7.42",0.672709,0.0,0.0,0.0,0.0,0.0,0.0,0.0,0.0,0.0,0.0
"6.53,7.46",2.706322,0.0,0.0,0.0,0.30941199999999996,0.0,0.0,0.0,0.0,0.0,0.0
"6.55,6.56",0.0,0.0,0.0,0.0,0.0,5.888203,3.182938,2.987604,2.730827,2.8208599999999997,3.008851
"6.55,7.41",0.0,0.0,0.0,0.0,0.0,0.0,0.0,0.0,0.0,0.0,0.0
"6.55,7.42",0.0,1.153864,0.0,0.237954,0.0,0.0,0.0,0.0,0.0,0.0,0.0
"6.56,6.59",0.0,0.0,2.968197,0.0,0.0,0.404284,0.176825,0.111482,0.115169,0.0,1.2107629999999998
"6.56,7.37",0.0,0.0,0.0,0.0,0.0,0.0,0.0,0.0,0.0,0.0,0.0
"6.56,7.38",2.238572,0.0,0.0,0.0,0.0,0.0,0.0,0.0,0.26368600000000003,0.0,0.0
"6.56,7.41",0.0,0.0,8.809071000000003,0.0,0.0,0.0,0.0,0.0,0.0,0.0,0.0
"6.56,7.42",9.109925,0.0,10.75821,1.018472,0.796433,0.095947,0.0,0.0,0.0,0.0,0.0
"6.59,7.34",0.0,0.0,0.0,0.0,0.0,0.0,0.0,0.0,0.0,0.0,0.0
"6.59,7.38",0.08135,0.629378,3.146714,0.0,0.0,0.0,0.0,0.0,0.0,0.0,0.0
"6.6,7.38",3.876163,0.0,1.158026,0.0,0.0,0.0,0.0,0.0,0.0,0.0,0.0
"7.33,7.36",0.0,0.0,0.0,0.0,0.0,0.0,0.0,0.0,0.0,0.0,0.0
"7.35,7.39",0.0,1.895696,1.112268,0.0,0.0,0.0,0.0,0.0,0.0,0.0,0.0
"7.36,7.37",0.0,0.0,0.0,0.0,0.0,0.530251,0.0,0.0,0.159545,0.0,0.0
"7.36,7.4",0.712069,0.105492,0.0,0.0,0.024917,1.489853,0.0,0.0,1.848964,0.0,0.0
"7.38,7.42",0.4502229999999999,0.0,0.0,0.0,0.0,9.717578,0.0,0.0,2.686172,0.0,0.0
"7.38,7.43",0.0,0.0,0.0,0.0,0.0,0.0,0.0,0.0,0.0,0.0,0.0
"7.39,7.43",1.5201,0.0,0.0,0.725827,1.116601,0.0,0.0,0.0,2.753701,0.35584699999999997,0.0
"7.39,7.44",0.0,0.0,0.0,0.0,0.0,0.0,0.0,0.0,0.0,0.0,0.0
"7.4,7.41",0.0,0.0,0.0,0.0,0.0,0.195076,0.0,0.0,0.0,0.0,0.0
"7.4,7.44",0.0,0.0,4.781832,0.0,0.0,0.0,0.0,0.0,0.0,0.0,0.0
"7.41,7.42",0.0,0.446254,0.0,0.332348,0.0,0.044045,0.0,0.0,0.57043,0.0,0.0
"7.41,7.45",1.573636,2.426089,1.787346,0.0,0.0,0.0,0.0,0.0,0.0,0.0,0.0
"7.42,7.46",0.0,0.0,0.293541,0.0,0.0,0.0,0.215515,0.310386,0.0,0.0,0.365568
"7.42,7.47",0.0,0.0,0.0,0.0,0.0,0.019522,0.0,0.0,0.0,0.0,0.0
"7.44,7.45",0.613156,0.0,0.027418,0.0,0.0,0.741552,0.649421,0.771686,0.602454,0.0,1.061845
"7.46,7.49",0.0,1.363644,0.913055,0.620071,0.875451,2.250224,0.849209,0.8063319999999999,0.488037,4.13151,0.039638
"7.47,7.48",2.234851,2.099263,0.618107,1.261113,0.93304,1.185378,1.732376,1.842916,1.7367849999999998,1.619212,1.845056
"7.48,7.51",0.458473,0.415637,0.0,0.197828,0.0,0.705806,0.891503,0.7903789999999999,0.855188,0.0,0.788571
"7.49,7.53",0.0,0.0,0.0,0.0,0.0,0.0,0.0,0.0,0.0,0.0,0.0
"7.51,7.55",0.534586,0.6017399999999999,0.0,0.589805,1.0316809999999998,1.187484,0.8838739999999999,0.720428,0.7612680000000001,1.7318900000000002,0.800987
"7.52,7.56",2.162918,1.500558,1.388392,0.0,0.0,0.200409,0.7936300000000001,0.996472,1.015856,0.0,0.901283
"7.53,7.57",0.0,1.080157,0.12611,0.108742,0.33227399999999996,0.347975,0.411793,0.459316,0.423771,0.684476,0.8386969999999999
"7.53,7.58",0.359574,0.12276199999999997,0.154106,0.0,0.199736,0.4229949999999999,0.125399,0.213214,0.083962,0.054939,0.0
"7.54,7.59",7.044238000000001,5.065117,5.820017,3.309868,4.940236,6.525882,6.314473,5.9068760000000005,6.485176999999998,4.08383,5.338242
"7.55,7.59",0.210693,1.211913,1.822958,0.16708499999999998,0.123402,2.701821,1.40474,1.341765,2.208555,3.170352,1.74429
"7.55,7.6",5.627041,5.076754,7.430941000000002,4.6813400000000005,5.2675790000000005,5.001101,4.800979,3.911634,4.107343,3.2109669999999997,5.5054989999999995
"7.55,8.47",0.0,0.0,0.012021,0.0,0.0,0.03005,0.0,0.0,0.0,0.0,0.0
"7.56,7.57",0.0,0.0,0.0,0.0,0.0,0.0,0.0,0.0,0.0,0.0,0.0
"7.56,7.6",0.292189,0.10168,0.455001,0.019698,0.0,0.0,0.0,0.0,0.0,0.0,0.049209
"7.58,7.59",0.595621,1.375551,1.428404,0.168132,0.083524,0.175574,0.0,0.763475,0.027193,0.357765,0.203084
"7.58,8.5",2.562328,4.011268,2.56848,1.2096129999999998,1.723305,2.363443,2.9065060000000003,2.107834,2.384247,2.527241,2.445132
"7.59,8.51",2.628755,3.47685,2.635809,2.277875,1.413671,3.302421,1.958736,1.916759,2.042415,2.2322759999999997,0.873641
"7.6,8.51",3.3827339999999997,2.8629599999999997,2.0016130000000003,1.500806,0.19853,4.198151,1.403122,1.045018,1.476298,3.655302,0.7838189999999999
"8.47,8.49",1.725493,4.466371,1.191399,0.703767,0.08767899999999999,6.143511,4.178933,6.0258660000000015,5.8107690000000005,3.646336,4.803451
"8.47,8.5",2.953641,3.179145,3.282633,1.5181129999999998,2.1836,4.1291730000000015,2.307347,2.01646,1.815642,1.041045,2.1049599999999997
"8.5,8.54",0.0,0.692569,0.5700189999999999,0.0,0.0,0.0,0.177173,0.025753,0.128449,0.0,0.133376
"8.52,8.55",0.0,0.0,0.0,0.989703,0.0,0.0,0.0,0.0,0.0,0.0,0.0
"8.52,8.56",0.0,0.0,0.316253,0.0,0.0,0.0,0.0,0.0,0.0,0.0,0.0
"8.53,8.54",0.0,0.0,0.0,0.0,0.0,0.0,0.0,0.0,0.0,0.0,0.0
"8.53,8.57",1.770489,0.355736,1.611815,0.0,0.0,0.0,0.0,0.0,0.0,0.0,0.0
"8.56,8.6",2.8927549999999997,4.974729,0.0,0.0,0.0,1.719843,1.026911,1.503606,0.965365,0.0,1.594955
"8.58,8.59",4.804313,2.326674,2.247527,0.0,0.0,0.0,0.0,0.0,0.0,0.0,2.419854
"8.58,8.62",6.186945,0.0,0.0,0.0,0.0,0.0,0.0,0.0,0.0,0.0,0.0
"8.61,8.62",0.0,0.0,0.0,0.0,0.0,0.0,0.0,0.0,0.0,0.0,0.0
"1.35,1.39",3.043356,0.0,3.014287,0.0,0.0,0.0,0.0,0.0,0.0,0.0,0.0
"1.36,7.36",0.406416,0.0,0.6346470000000001,0.0,0.0,0.0,0.0,0.0,0.0,0.0,0.0
"1.36,7.4",4.508593,1.74704,0.0,0.850978,1.395669,0.0,0.0,0.0,0.0,0.0,0.0
"1.39,1.42",2.113652,0.0,0.8805860000000001,0.0,0.0,0.193614,0.008246999999999999,0.448599,0.027057,0.0,0.13855399999999998
"1.39,7.37",0.0,0.0,2.6308860000000003,0.0,0.0,0.0,0.0,0.0,0.0,0.0,0.0
"1.43,1.44",1.209088,0.8229850000000001,0.641757,0.0,0.0,0.044893,0.011675,0.052546,0.14736300000000002,1.732421,0.0
"1.43,7.4",0.0,0.0,1.31901,0.0,0.0,0.0,0.0,0.0,0.0,0.0,0.0
"1.43,7.44",0.0,0.0,1.000466,0.0,0.0,0.0,0.0,0.0,0.0,2.481459,0.0
"1.47,7.43",0.056415,0.0,0.500764,0.0,0.0,0.0,0.0,0.0,0.0,0.0,0.0
"1.5,7.49",0.882476,0.249965,0.030263,0.103497,0.169321,0.093077,0.255102,0.094054,0.332421,0.0,0.091919
"1.57,7.59",2.1772400000000003,1.550281,2.773613,1.743166,2.116988,0.761034,1.547705,2.04199,1.457482,0.8786809999999999,0.426384
"1.6,7.58",1.039293,1.300795,1.059842,0.100099,0.834211,0.753794,1.394835,0.498908,0.917119,1.805532,1.38153
"1.61,8.5",0.392143,0.132867,0.542473,0.423886,0.138299,0.20406,0.361897,0.293903,0.410705,0.5229600000000001,0.219163
"1.64,8.57",6.546232,3.577351,5.542534,0.0,0.0,0.096182,0.243402,0.163972,0.44043,0.363511,0.20256
"12.49,8.53",0.0,3.07162,2.619923,0.0,0.0,5.464728,5.805982,4.880389,4.42438,0.0,4.347132
"12.5,8.53",0.0,0.4335560000000001,0.0,0.0,0.0,0.711076,0.993603,1.222916,0.913115,0.0,0.930611
"2.49,3.49",1.373189,1.599747,0.593191,0.80474,0.999103,0.501748,0.571106,0.311783,0.452879,0.613751,0.629525
"2.5,6.48",0.0,0.0,0.0,0.0,0.0,0.0,0.0,0.0,0.0,0.0,0.0
"2.53,6.48",0.0,0.0,0.0,0.0,0.0,0.0,0.0,0.0,0.0,0.0,0.0
"2.58,2.62",0.0,0.440037,0.106121,0.0,0.0,0.0,0.215462,0.0,0.0,0.34571199999999996,0.0
"2.64,2.65",0.0,0.0,0.0,0.0,0.0,0.0,0.0,0.0,0.0,0.0,0.0
"3.3,4.65",0.0,0.0,0.0,1.9044259999999995,1.162477,0.0,0.0,0.0,0.0,0.0,0.0
"3.3,45.5",0.741771,3.242904,2.41299,0.0,0.0,5.199167,4.9441169999999985,5.763203,5.374679,0.463745,5.9071989999999985
"3.31,3.34",0.0,0.0,0.0,0.0,0.0,0.0,0.0,0.0,0.0,0.0,0.0
"3.44,5.47",0.107504,0.736567,1.512906,1.883193,1.080357,0.0,0.0,0.0,0.0,0.0,0.0
"4.4,4.43",0.0,0.26044,0.0,0.0,0.0,0.0,0.0,0.0,0.0,0.0,0.0
"4.44,4.45",1.462994,0.0,0.375915,1.292188,1.6590200000000002,0.0,0.0,0.0,0.0,0.0,0.0
"4.53,4.57",0.0,0.0,0.140355,0.0,0.0,0.0,0.035778,0.0,0.0,0.0,0.0
"4.56,4.57",0.0,0.0,0.0,0.0,0.099165,0.0,0.565203,0.8641209999999999,0.73942,0.8648100000000001,0.943522
"4.57,4.58",0.0,0.0,0.0,0.143002,0.0,0.016659999999999998,0.0,0.0,0.0,0.0,0.0
"4.62,4.66",0.0,0.873899,0.333503,0.260615,0.840225,0.38788,0.585963,0.38448,0.5561149999999999,0.737933,0.605639
"4.62,4.67",0.0,0.0,0.0,0.0,0.0,0.0,0.0,0.0,0.0,0.0,0.0
"4.64,45.52",0.0,0.0,0.0,0.0,0.0,0.0,0.0,0.0,0.0,0.0,0.0
"5.36,5.37",0.0,0.0,3.779059,0.0,0.0,0.0,0.563483,0.345495,0.0,0.47508,4.116803
"5.37,5.42",0.0,0.0,0.076375,0.0,0.214539,0.272816,0.555445,0.34891300000000003,0.348274,1.11227,0.569384
"5.4,6.57",1.357512,4.541903,0.0,0.0,0.0,0.0,0.0,0.0,0.0,0.0,0.0
"5.49,5.53",0.0,0.543097,0.0,0.650894,0.70326,0.0,0.0,0.0,0.0,0.0,0.0
"5.5,5.53",0.593432,0.058983,1.8003669999999998,0.0,0.0,0.233316,0.0,0.0,0.0,0.0,0.0
"5.5,6.51",0.0,0.0,0.0,0.0,0.0,0.0,0.0,0.0,0.0,0.0,0.0
"5.54,5.55",0.39219,0.026902,0.255771,0.0,0.0,0.096753,0.38574,0.372809,0.407965,0.4712020000000001,0.235133
"6.33,6.34",1.287534,0.0,0.826818,1.121336,1.356016,0.0,0.0,0.0,0.0,0.0,0.0
"6.38,6.41",0.0,0.0,0.0,0.0,0.0,0.0,0.0,0.0,0.0,0.0,0.0
"6.38,6.42",0.0,0.653,0.8304600000000001,0.134231,0.0,1.101175,0.792607,0.507252,0.719743,0.5859449999999999,0.893136
"6.41,6.42",0.0,0.0,0.029576,0.0,0.0,0.0,0.0,0.0,0.0,0.0,0.0
"6.42,6.46",0.0,1.048312,0.6847949999999999,0.6860890000000001,0.626983,0.855915,0.632733,0.67092,0.694278,0.0,0.494812
"6.49,6.51",0.0,0.0,0.0,0.0,0.0,0.0,0.0,0.0,0.0,0.0,0.0
"6.52,6.56",0.0,0.0,6.7674699999999985,0.0,0.0,6.8160240000000005,3.840869,2.885616,3.245508,0.998846,3.948639
"6.53,6.56",1.580461,0.0,0.0,0.0,0.0,0.0,0.0,0.0,0.0,0.0,0.0
"6.53,7.49",1.739047,0.0,0.0,0.0,0.0,0.0,0.0,0.0,0.0,0.0,0.0
"6.54,6.58",0.0,1.520647,0.488367,0.0,0.0,0.0,0.0,0.0,0.0,0.0,0.0
"6.55,6.59",1.34402,0.426573,0.543144,0.0,0.0,0.0,0.0,0.0,0.0,0.0,0.0
"6.56,7.45",0.0,0.0,1.1282530000000002,0.0,0.0,0.0,0.0,0.0,0.0,0.0,0.0
"6.6,7.35",0.0,4.682712,0.0,0.0,0.0,0.0,0.0,0.0,0.0,0.0,0.0
"6.6,7.39",0.0,1.019423,1.307277,0.0,0.0,0.0,0.0,0.0,0.0,0.0,0.0
"6.6,7.42",0.0,0.0,1.601953,0.0,0.0,0.0,0.0,0.0,0.0,0.0,0.0
"7.34,7.38",0.0,0.0,0.9341,0.0,0.0,0.0,0.0,0.0,0.0,0.0,0.0
"7.39,7.4",0.0,0.0,0.0,0.0,0.167893,0.082767,0.0,0.0,0.104879,0.0,0.0
"7.4,7.43",0.0,0.0,0.567606,0.0,0.0,0.0,0.296975,0.0,0.0,0.047214,0.104524
"7.43,7.46",0.0,0.874143,0.24661599999999995,0.0,0.0,0.0,0.0,0.087021,0.0,0.0,0.030578
"7.55,7.56",0.0,0.216299,0.075947,0.0,0.0,0.563079,0.0,0.0,0.114869,0.0,0.0
"7.56,8.47",0.11328699999999997,0.0,0.0,0.037469,0.104485,0.249152,0.0,0.0,0.0,0.0,0.0
"7.59,8.5",0.0,0.0,0.0,0.0,0.0,0.201266,0.03115,0.044011,0.0,0.189606,0.0
"8.48,8.49",0.0,0.630962,0.0,0.0,0.0,0.6212,0.322322,0.341748,0.2914,0.903635,0.0
"8.49,8.5",0.0,0.0,0.0,0.0,0.0,0.0,0.0,0.0,0.0,0.0,0.0
"8.52,8.53",0.116943,0.0,0.0,0.0,0.0,0.06652899999999999,0.0,0.0,0.16226500000000002,0.0,0.0
"8.53,8.56",5.515353,8.605981,6.2803330000000015,0.0,0.524161,3.3148199999999997,4.657287,4.331034,4.27876,0.0,4.0965099999999985
"1.4,7.4",0.0,0.0,0.0,0.124331,0.0,0.0,0.0,0.0,0.0,0.0,0.0
"1.44,2.68",3.2773529999999997,0.712266,0.0,0.425062,0.6224,0.213049,0.261922,0.09911,0.07998999999999999,0.0,0.20568000000000006
"1.51,1.55",1.551822,0.816351,1.014407,1.143137,0.186458,2.173439,1.828612,1.607289,2.0103169999999997,2.83335,1.737248
"2.47,8.49",0.0,0.0,0.0,0.0,0.0,0.0,0.0,0.0,0.0,0.0,0.0
"2.63,2.64",0.0,0.0,0.0,0.0,0.0,0.0,0.0,0.0,0.0,0.0,0.0
"2.64,3.36",1.772458,0.734337,0.933634,0.6096590000000001,0.25892,1.460723,0.0,1.26796,0.953312,0.0,0.0
"3.38,4.51",0.0,0.048873,0.0,0.0,0.0,0.0,0.0,0.010161,0.0,0.0,0.0
"3.52,3.56",0.858259,0.0,0.0,0.689319,0.0,0.0,0.0,0.0,0.027402,0.186044,0.039707
"4.63,4.64",0.0,0.0,0.0,0.061242,0.0,0.0,0.127734,0.171846,0.08101699999999999,0.0,0.0
"5.44,5.47",0.0,0.0,0.0,0.0,0.0,0.0,0.0,0.0,0.0,0.0,0.0
"5.55,5.59",0.0,0.025914,1.495002,0.0,0.0,0.0,0.0,0.0,0.0,0.034101,0.0
"6.33,6.36",0.6071489999999999,0.0,0.0,0.158774,0.0,0.0,0.0,0.0,0.0,0.0,0.0
"6.39,6.43",0.0,0.403699,0.0,0.0,0.0,0.976397,0.328615,0.455919,0.227627,0.361179,0.4883979999999999
"6.54,6.55",0.0,0.0,0.0,0.014748,0.191148,0.0,0.0,0.0,0.0,0.0,0.0
"7.48,7.52",0.0,0.0,0.0,0.0,0.0,0.0,0.0,0.0,0.0,0.0,0.0
"8.48,8.51",0.0,0.0,0.724837,0.0,0.0,0.0,0.0,0.0,0.0,0.329995,0.085384
"8.51,8.55",0.0,1.544209,0.038423,0.575716,1.954739,0.0,0.0,0.0,0.0,0.0,0.0
"8.54,8.55",0.0,0.0,0.0,0.0,0.0,0.0,0.0,0.0,0.0,0.0,0.0
"8.58,8.61",0.0,0.0,0.276941,0.0,0.055095000000000005,0.0,0.0,0.0,0.0,0.0,0.0
"1.41,1.45",0.0,0.11331,0.0,0.478914,0.0,0.270727,0.26305700000000004,0.342607,0.327282,0.102252,0.314467
"2.7,2.71",0.0,0.015121,0.0,0.0,0.0,0.0,0.0,0.0,0.0,0.0,0.0
"3.43,3.44",1.799063,0.185874,0.0,0.301979,0.496078,0.279968,0.106246,0.005556,0.0,0.379953,0.0
"4.43,4.46",0.066692,0.0,0.0,0.0,0.0,0.0,0.069083,0.432246,0.33975900000000003,0.0,0.028071
"4.6,4.63",0.0,5.146807,0.0,0.0,0.0,0.0,0.0,0.0,0.0,0.0,0.0
"5.52,5.56",0.0,0.0,0.0,0.0,0.0,0.0,0.0,0.0,0.0,0.047373,0.0
"6.57,6.58",0.0,0.0,0.0,0.0,0.0,0.077703,1.199384,1.282539,1.052961,0.0,0.973531
"7.59,7.6",0.0,0.0,0.0,0.0,0.0,0.021394,0.0,0.0,0.0,0.0,0.0
"1.37,1.41",0.0,0.0,0.0,0.0,0.0,0.0,0.0,0.0,0.0,0.0,0.0
"2.51,2.52",0.343217,0.0,0.0,0.0,0.0,0.0,0.032945,0.041279,0.015012,0.0,0.0
"2.6,6.53",0.192497,0.0,0.0,0.0,0.0,0.0,0.0,0.0,0.0,0.0,0.0
"2.71,45.52",0.0,0.368083,0.0,0.0,0.0,0.0,0.0,0.0,0.0,0.0,0.0
"3.4,5.43",0.25912399999999997,0.0,0.0,0.109974,0.49128,0.877541,0.268851,0.136882,0.384611,0.436252,0.342873
"4.53,4.58",0.0,0.041272,0.0,0.11917,0.027662,0.084999,0.0,0.0,0.0,0.0,0.0
"5.37,6.6",0.0,0.0,0.0,0.0,0.0,0.0,0.0,0.0,0.0,0.0,0.0
"5.44,6.6",0.0,0.0,0.0,0.0,0.0,0.0,0.0,0.0,0.0,0.0,0.0
"5.51,5.52",4.792462,2.413987,0.278669,0.0,0.0,0.0,0.0,0.0,0.0,0.0,0.0
"6.56,7.34",0.0,0.0,0.0,0.0,0.0,0.0,0.0,0.0,0.0,0.0,0.0
"6.57,7.38",0.635379,0.0,0.0,0.0,0.0,0.0,0.0,0.0,0.0,0.0,0.0
"7.52,7.57",0.0,0.0,0.0,0.0,0.0,0.117048,0.0,0.0,0.0,0.0,0.0
"8.49,8.52",0.141905,0.0,0.160905,0.0,0.0,0.0,0.0,0.0,0.0,0.0,0.0
"8.49,8.53",0.0,0.0,0.0,0.0,0.0,0.0,0.0,0.0,0.0,0.0,0.0
"1.35,1.36",0.0,0.0,3.922779,0.0,0.0,0.0,0.0,0.0,0.0,0.0,0.0
"1.39,1.43",0.0,5.059839,0.0,0.0,0.0,0.0,0.0,0.0,0.0,0.0,0.0
"1.47,1.5",0.0,0.0,0.0,0.0,0.0,0.0,0.0,0.0,0.0,0.7950010000000001,0.0
"1.5,2.61",0.0,0.0,0.0,0.0,0.0,0.0,0.0,0.0,0.0,0.000547,0.0
"1.54,7.53",0.568739,0.0,0.701002,0.0,0.0,0.0066040000000000005,0.073489,0.060899,0.019306,0.0,0.0
"1.6,1.61",1.272012,0.0,0.0,0.0,0.093114,0.0,0.0,0.0,0.0,0.038258,0.0
"1.64,8.5",0.0,0.016975,0.63636,0.0,0.0,0.0,0.0,0.0,0.0,0.0,0.0
"2.52,2.55",0.0,0.0,0.0,0.0,0.0,0.0,0.0,0.0,0.0,0.0,0.0
"2.54,7.54",0.990577,1.250086,1.758242,1.719561,1.655425,0.847281,0.418966,0.22734,0.193422,0.26915100000000003,0.796603
"2.65,2.68",0.219287,0.0,0.0,0.0,0.0,0.0,0.0,0.0,0.0,0.0,0.0
"3.42,3.46",0.0,0.262156,0.204419,0.173714,0.185092,0.275305,0.19238,0.143547,0.143876,0.208387,0.208239
"3.48,4.48",0.0,0.31204699999999996,0.344765,0.0,0.0,0.0,0.14093599999999998,0.0,0.151252,0.0,0.353978
"5.45,5.5",0.0,0.0,0.0,0.0,0.0,0.0,0.0,0.0,0.0,0.0,0.0
"5.47,6.57",0.0,0.0,0.0,0.0,0.0,0.0,0.0,0.0,0.0,0.0,0.0
"5.56,5.6",0.681208,1.419039,0.0,0.0,0.0,0.0,0.345391,0.813657,0.346616,0.0,1.3862290000000002
"7.44,7.47",0.0,0.0,0.130768,0.024156,0.062109,0.055085,0.0,0.050426,0.0,0.0,0.01509
"7.44,7.48",0.8901610000000001,0.0,3.66584,0.0,0.0,0.0,0.0,0.0,0.0,0.0,0.0
"1.37,1.4",0.361959,0.0,0.0,0.0,0.0,0.0,0.0,0.0,0.0,0.0,0.0
"6.34,6.39",0.0,0.0,0.0,0.0,0.0,0.128243,0.051052999999999994,0.112196,0.093749,0.0,0.0
"6.51,6.55",0.209936,0.30055,0.638389,0.42371,0.662909,1.075781,1.055018,0.934177,1.345995,0.0,0.91455
"6.59,6.6",0.016662,0.0,0.238718,0.0,0.0,0.0,0.0,0.0,0.0,0.0,0.0
"1.42,7.43",0.0,0.0,0.0,0.0,0.0,0.0,0.322214,0.0,0.0,0.0,0.06917100000000001
"2.6,3.36",0.128428,0.0,0.327625,0.0,0.035806,0.5899840000000001,0.0,0.7184470000000001,0.005451,0.0,0.0
"3.5,7.57",7.431158,7.7831899999999985,7.442538000000001,9.065952,6.9670440000000005,6.810109,7.873943,5.269436,6.768263,6.669888,6.626952
"5.4,5.41",0.0,0.099299,0.0,0.0,0.0,0.0,0.0,0.0,0.0,0.0,0.0
"5.5,6.5",0.0,0.0,0.0,0.0,0.0,0.0,0.0,0.0,0.0,0.0,0.0
"6.55,6.6",0.0,0.0,0.0,2.207539,1.659548,0.0,0.0,0.0,0.0,0.015926,0.0
"6.56,6.6",0.0,3.008915,0.938487,0.0,0.0,0.0,0.0,0.0,0.0,0.101803,0.0
"7.33,7.34",0.540028,0.0,0.0,0.0,0.0,0.0,0.0,0.0,0.0,0.198696,0.0
"1.58,1.63",0.0,0.030264999999999993,0.0,0.0,0.0,0.0,0.0,0.0,0.0,0.0,0.0
"2.71,3.29",0.0,0.669642,0.367471,0.0,0.0,0.0,0.0,0.0,0.0,0.0,0.0
"4.45,4.48",0.0,0.0,0.0,0.0,0.0,0.0,0.0,0.0,0.0,0.0,0.0
"1.48,1.49",0.0,0.003744,0.0,0.0,0.0,0.08278200000000001,0.0,0.0,0.0,0.0,0.0
"1.55,1.58",0.0,0.058763,0.0,0.0,0.0,0.030667000000000007,0.0,0.03683,0.071878,0.045124,0.077934
"2.46,6.34",1.254128,0.0,0.0,1.371996,2.486709,0.183217,0.0,0.72291,0.8842620000000001,0.030862,0.103152
"2.46,6.38",0.925648,0.0,0.0,2.723425,0.938487,0.5198550000000001,2.258888,1.513763,1.966361,2.349345,1.961414
"2.5,6.38",0.5825,1.264478,0.934608,1.201412,1.262921,0.545195,1.119521,0.8663200000000001,1.03501,2.5209479999999997,1.240825
"2.53,7.57",1.438727,1.381994,1.3972950000000002,1.114793,1.299724,1.133128,1.163986,1.319003,1.420696,1.104483,1.210806
"2.57,2.6",0.0,0.0,0.0,0.185232,0.0,0.216618,0.07573099999999999,0.250126,0.21736,1.419623,0.005156
"2.57,6.49",1.321789,0.230233,0.0,0.293125,0.343352,0.4818439999999999,0.636312,0.5013340000000001,0.620373,0.391859,0.65952
"2.6,7.49",0.26824499999999996,0.0,0.0,1.235562,1.096955,2.215143,2.5912029999999997,2.5271939999999997,2.559263,7.159538,3.017937
"3.37,3.4",0.0,0.0,0.937016,0.0,0.0,0.02958,0.073797,0.0,0.0,0.0,0.0
"3.4,3.43",0.0,0.0,0.0,0.0,0.096496,0.21985,0.0,0.0,0.019441999999999997,0.328264,0.0
"3.44,6.49",4.683683,4.831893,0.0,10.811703,8.470364,3.574835,3.787853,3.513669,3.494872,3.961609,3.298226
"3.44,7.49",0.0,0.0,0.0,0.0,0.165274,0.343097,0.0,0.0,0.0,0.0,0.0
"3.47,6.45",2.919345,1.618218,1.277253,1.984718,2.385843,1.05652,1.101526,0.374877,0.472565,1.019034,0.525293
"3.47,6.46",2.716471,4.452187,1.327309,0.842474,2.310881,0.884553,0.503201,0.288271,0.5821069999999999,1.501625,0.5972529999999999
"3.5,6.38",0.072863,0.160097,0.0,0.0,0.0,0.179311,0.559283,0.276936,0.401349,0.0,0.246621
"3.5,6.42",2.202556,2.389536,1.3077,1.881732,2.284446,1.183172,1.884626,0.910771,1.461711,0.931329,2.135694
"3.51,6.42",0.147276,0.443634,0.197125,0.815267,0.600709,0.383294,0.5380159999999999,0.370056,0.33972600000000003,0.807091,0.762641
"3.53,6.38",0.0,1.003611,1.022709,0.8094720000000001,0.7716529999999999,0.683038,0.994579,0.64732,0.745868,0.459862,0.8882
"3.54,3.57",0.0,0.022618,0.0,0.0,0.0,0.104364,0.0,0.0,0.0,0.0,0.0
"3.54,6.38",1.55899,1.696235,1.520679,0.922871,1.579613,2.936412,1.353006,1.51834,1.689143,2.655539,1.789654
"3.54,6.39",0.83439,1.931524,3.170171,1.58995,1.945833,4.013573,3.021522,3.058932,2.784836,2.807013,1.84934
"3.54,6.42",1.885442,0.883857,1.30821,2.0933919999999997,1.307192,1.681399,1.480501,0.903447,1.311097,1.883327,1.290786
"3.55,3.56",1.98135,1.476609,0.0,0.26226,0.08098999999999999,0.15251099999999998,0.0,0.0,0.013503,0.0,0.0
"3.55,5.57",2.869802,2.000864,4.2000519999999995,1.922202,2.979955,0.5220640000000001,0.378521,0.432303,0.082176,0.0,0.862974
"3.57,6.34",0.0,0.482275,0.189501,0.0,0.0,0.385226,0.245912,0.0,0.023056,0.123481,0.0
"3.57,6.38",0.0,0.192002,0.756626,0.0,0.0,0.8410540000000001,0.628762,0.5438350000000001,0.6032310000000001,0.0,0.591648
"3.58,5.61",0.0,1.791493,1.995674,0.0,0.349691,0.717845,0.758606,0.258583,0.637933,1.021784,0.458887
"3.58,5.64",0.0,2.201998,0.0,0.0,0.327941,0.377478,0.682426,0.586787,1.0560379999999998,0.0,1.454832
"5.44,6.53",0.0,0.0,0.0,0.034168000000000004,0.0,1.05595,1.649702,2.257751,2.135817,1.087064,1.104943
"5.46,5.5",0.058672,0.0,0.0,0.103585,0.0,0.010626,0.0,0.0,0.0,0.349686,0.0
"5.49,5.52",0.0,0.0,0.0,0.0,0.0,0.289576,0.019749,0.0,0.0,0.22413200000000005,0.012845
"5.5,6.46",4.765097,2.777575,0.705801,2.813853,3.427601,2.825039,3.651243,3.4690230000000004,3.4909199999999996,0.306267,3.4608529999999997
"5.51,6.46",0.0,0.0,0.0,0.115928,0.376677,2.397466,1.402479,0.5584279999999999,1.327159,1.255426,1.281906
"5.51,6.47",0.0,0.0,0.0,0.162228,0.0,3.4172550000000004,2.7247209999999997,1.727153,2.741691,3.630122,2.72306
"5.54,6.43",3.532608,4.671194,2.108731,1.014961,1.873161,8.430441,7.605269,6.116239,6.741969,7.0951369999999985,7.0921389999999995
"5.54,6.47",0.775423,1.317677,0.383653,0.418585,2.5327,4.219801,2.189298,2.166651,2.159908,2.566994,2.86771
"5.57,6.43",0.0,1.673169,1.232061,0.0,0.0,1.619607,1.853597,1.545061,1.600782,2.084796,1.774056
"5.58,6.43",0.620562,0.298608,1.037358,0.0,0.0,1.102564,1.253232,0.730107,2.052614,1.24734,0.814297
"5.61,6.39",0.271656,1.016763,0.600929,0.0,0.0,0.20964699999999994,0.277861,0.235307,0.340702,0.0,0.371821
"6.34,6.37",2.051778,1.878383,0.0,0.496123,2.475529,1.6764400000000002,1.288549,1.732618,1.414571,0.0,0.7683760000000001
"6.34,8.49",0.333367,1.9820830000000005,0.0,0.0,0.0,0.697209,0.898251,0.715892,1.149475,1.898979,2.0866580000000003
"6.37,8.48",2.468261,4.393346,0.418519,2.070782,6.31241,4.834708999999998,5.203833,4.269501999999999,5.002675,0.785691,6.222248
"6.37,8.49",2.612148,6.752928,0.0,0.544108,0.6416,5.0602589999999985,4.385338,5.031592,4.867242,0.0,4.409144
"6.38,7.57",1.243961,0.682487,0.231192,0.86565,0.381971,1.1033389999999998,0.75207,0.5092899999999999,0.705303,0.684908,0.675493
"6.39,6.44",0.0,0.187035,0.0,0.0,0.068675,0.248211,0.048257999999999995,0.145375,0.020348,0.039312,0.092101
"6.41,7.56",4.775632,5.943278,6.319337,4.225332,4.534905,5.562354,5.336423,3.725673000000001,4.395551,5.076517,5.933859
"6.41,7.57",3.035579,2.620952,2.3983369999999997,3.227314,5.214935,2.889719,1.727283,1.831441,1.237819,4.805707,2.0586919999999997
"6.42,7.57",6.035609,5.44949,6.12274,6.203511,7.065419,6.905545,6.2238190000000015,5.546219000000002,6.116122,6.761916,5.826933
"6.44,6.45",0.0,0.385364,0.049477999999999994,0.0,0.0,0.477894,0.0,0.0,0.0,0.0,0.0
"6.45,7.53",2.306674,0.887051,1.314098,2.064083,1.356014,0.353433,1.151842,0.341854,0.833333,2.382865,1.094981
"6.45,7.56",0.765328,1.597105,2.308098,0.0,0.0,0.921576,1.380243,0.902315,1.161035,0.5401819999999999,1.382958
"6.48,7.49",0.0,0.0,0.0,0.0,0.0,0.06030700000000001,0.0,0.0,0.0,0.0,0.0
"6.48,7.52",0.30814600000000003,0.706026,2.3783689999999997,0.635426,0.33015,1.901728,1.008993,0.05047,0.853666,0.0,0.866833
"6.51,6.52",0.0,0.0,0.0,0.0,0.0,0.169432,0.0,0.0,0.0,0.0,0.0
"8.55,8.59",0.398679,0.0,0.240639,0.0,0.0,1.084472,0.569721,0.787456,0.373909,0.0,0.0
"1.41,1.46",0.03416,0.0,0.0,0.095257,0.0,0.0,0.058291,0.0,0.05937000000000001,0.047562,0.075183
"12.48,12.49",0.0,0.0,0.0,0.0,0.0,0.0,0.099118,0.0,0.091684,0.0,0.097699
"3.43,7.49",0.0,0.0,0.0,0.0,0.0,0.0,0.034982,0.0,0.0,0.0,0.0
"4.42,4.45",0.0,2.645502,0.119918,0.0,0.194947,0.0,0.225207,0.121649,0.0,0.417762,0.085113
"4.57,4.6",0.0,0.0,0.402279,0.0,0.0,0.0,0.046903,0.0,0.0,0.0,0.0
"5.36,6.57",0.0,0.0,0.0,2.179943,0.4394520000000001,0.0,0.92681,0.221889,0.0,0.0,0.0
"5.36,6.58",0.0,0.0,0.0,0.675737,0.0,0.0,0.8192780000000001,0.288665,0.0,0.0,0.0
"5.39,5.4",1.461973,0.0,0.0,0.0,0.0,0.0,0.253639,0.903587,0.833519,0.0,0.372348
"5.44,6.54",0.0,0.0,0.0,2.6758900000000003,0.395108,0.0,0.8219270000000001,1.052961,0.901534,0.314648,0.79728
"6.45,7.52",0.628117,0.971425,0.977878,0.636423,0.662404,0.0,0.15699000000000002,0.0,0.0,0.117611,0.441237
"3.55,5.6",0.15550999999999998,1.207293,1.172873,0.600113,2.553794,0.0,0.0,0.008414,0.067034,0.0,0.0
"1.5,1.51",0.0,0.0,0.0,0.0,0.0,0.0,0.0,0.0,0.0,0.079582,0.0
"1.59,1.64",0.0,0.0,0.0,0.065939,0.0,0.0,0.0,0.0,0.0,0.105747,0.0
"2.47,8.47",0.0,0.0,0.098401,0.0,0.0,0.0,0.0,0.0,0.0,0.445041,0.0
"2.53,6.45",0.055045,0.0,0.0,0.0,0.0,0.0,0.0,0.0,0.0,0.033617,0.0
"2.59,3.35",0.527518,2.967632,3.101998,0.927864,1.307977,0.0,0.0,0.0,0.0,0.11256,0.0
"3.44,6.52",0.0,0.5139600000000001,0.0,0.0,0.0,0.0,0.0,0.0,0.0,2.020833,0.0
"6.42,6.47",0.0,0.154436,0.091207,0.014379,0.0,0.0,0.0,0.0,0.0,0.21089499999999994,0.0
"6.44,6.48",0.0,0.0,0.114301,0.0,0.384784,0.0,0.0,0.0,0.0,0.020655,0.14858
"6.49,7.53",0.344869,0.0,0.0,0.0,0.0,0.0,0.0,0.0,0.0,0.15649200000000002,0.07874500000000001
"3.54,6.43",0.0,0.0,0.430884,0.0,0.0,0.0,0.0,0.0,0.0,0.0,0.07119199999999999
