GLP2R,GLP2R_index,GLP2R_frequency,GLP1R,GLP1R_index,GLP1R_frequency,GLR,GLR_index,GLR_frequency,GIPR,GIPR_index,GIPR_frequency,residue,frequency,status
W,76.0,0.8375,W,39.0,0.9857142857142858,W,36.0,0.9722222222222222,W,39.0,1.0,W,0.9422382671480144,C
Y,79.0,0.9878048780487804,Y,42.0,0.9714285714285714,Y,39.0,0.9861111111111112,Y,42.0,1.0,Y,0.985663082437276,C
C,83.0,0.9878048780487804,C,46.0,0.9718309859154929,C,43.0,0.9861111111111112,C,46.0,1.0,C,0.9857142857142858,C
C,96.0,0.988095238095238,C,62.0,0.9857142857142858,C,58.0,0.9866666666666668,C,61.0,0.9818181818181818,C,0.9859154929577464,C
N,97.0,0.8809523809523809,N,63.0,0.9857142857142858,N,59.0,0.96,N,62.0,0.9090909090909092,N,0.9330985915492958,C
F,100.0,0.9523809523809524,F,66.0,0.9714285714285714,F,62.0,0.96,F,65.0,1.0,F,0.9681978798586572,C
D,101.0,1.0,D,67.0,1.0,D,63.0,0.9733333333333334,D,66.0,1.0,D,0.9929328621908128,C
C,105.0,1.0,C,71.0,0.9577464788732394,C,67.0,0.9866666666666668,C,70.0,1.0,C,0.9858657243816256,C
W,106.0,1.0,W,72.0,0.9718309859154929,W,68.0,0.9733333333333334,W,71.0,1.0,W,0.9859154929577464,C
C,118.0,1.0,C,85.0,0.9718309859154929,C,81.0,0.9866666666666668,C,84.0,1.0,C,0.9895104895104896,C
P,119.0,1.0,P,86.0,0.943661971830986,P,82.0,0.9866666666666668,P,85.0,1.0,P,0.9825174825174824,C
Y,121.0,0.9404761904761904,Y,88.0,0.9855072463768116,Y,84.0,0.8243243243243243,Y,87.0,0.9642857142857144,Y,0.9257950530035336,C
L,122.0,0.988095238095238,L,89.0,1.0,L,85.0,0.9864864864864864,L,88.0,0.9821428571428572,L,0.9893992932862192,C
P,123.0,0.988095238095238,P,90.0,1.0,P,86.0,0.9864864864864864,P,89.0,1.0,P,0.9929328621908128,C
W,124.0,0.9058823529411764,W,91.0,0.9565217391304348,W,87.0,0.9864864864864864,W,90.0,1.0,W,0.9575971731448764,C
C,137.0,1.0,C,104.0,0.9864864864864864,C,100.0,0.986842105263158,C,103.0,0.9824561403508772,C,0.9897959183673468,C
G,141.0,1.0,G,108.0,1.0,G,104.0,0.986842105263158,G,107.0,0.9824561403508772,G,0.9931972789115646,C
W,143.0,1.0,W,110.0,0.972972972972973,W,106.0,0.9866666666666668,W,109.0,1.0,W,0.9897260273972602,C
C,159.0,1.0,C,126.0,0.972972972972973,C,121.0,1.0,C,118.0,1.0,C,0.9931506849315068,C
Y,182.0,0.8539325842696629,Y,148.0,0.9726027397260274,Y,145.0,0.986842105263158,Y,141.0,0.9827586206896552,Y,0.9425675675675677,C
T,183.0,0.8539325842696629,T,149.0,0.9863013698630136,T,146.0,0.9740259740259741,T,142.0,0.9655172413793104,T,0.9393939393939394,C
G,185.0,1.0,G,151.0,0.9863013698630136,G,148.0,0.987012987012987,G,144.0,1.0,G,0.9932659932659932,C
Y,186.0,0.9775280898876404,Y,152.0,0.9589041095890408,Y,149.0,0.935064935064935,Y,145.0,1.0,Y,0.9663299663299664,C
S,189.0,1.0,S,155.0,0.9726027397260274,S,152.0,0.9740259740259741,S,148.0,1.0,S,0.9865319865319864,C
L,193.0,0.9887640449438202,L,159.0,0.9863013698630136,L,156.0,0.986842105263158,L,152.0,0.9827586206896552,L,0.9864864864864864,C
A,196.0,0.9887640449438202,A,162.0,0.9726027397260274,A,159.0,0.986842105263158,A,155.0,1.0,A,0.9864864864864864,C
L,200.0,0.8202247191011236,L,166.0,0.972972972972973,L,163.0,0.9866666666666668,L,159.0,1.0,L,0.9358108108108107,C
L,206.0,0.9772727272727272,L,172.0,0.9864864864864864,L,169.0,1.0,L,165.0,1.0,L,0.98989898989899,C
C,208.0,1.0,C,174.0,0.9864864864864864,C,171.0,1.0,C,167.0,1.0,C,0.9966329966329966,C
R,210.0,1.0,R,176.0,0.9864864864864864,R,173.0,1.0,R,169.0,1.0,R,0.9966329966329966,C
N,211.0,1.0,N,177.0,0.9864864864864864,N,174.0,1.0,N,170.0,1.0,N,0.9966329966329966,C
I,213.0,1.0,I,179.0,1.0,I,176.0,0.987012987012987,I,172.0,1.0,I,0.9966329966329966,C
H,214.0,1.0,H,180.0,0.9864864864864864,H,177.0,1.0,H,173.0,1.0,H,0.9966329966329966,C
N,216.0,1.0,N,182.0,0.9864864864864864,N,179.0,1.0,N,175.0,0.9827586206896552,N,0.9932659932659932,C
L,217.0,1.0,L,183.0,0.9864864864864864,L,180.0,1.0,L,176.0,0.9827586206896552,L,0.9932659932659932,C
F,218.0,1.0,F,184.0,0.9864864864864864,F,181.0,0.987012987012987,F,177.0,1.0,F,0.9932659932659932,C
S,220.0,1.0,S,186.0,0.9864864864864864,S,183.0,1.0,S,179.0,1.0,S,0.9966329966329966,C
F,221.0,1.0,F,187.0,0.9864864864864864,F,184.0,1.0,F,180.0,0.9482758620689656,F,0.9865319865319864,C
L,223.0,0.9545454545454546,L,189.0,0.9864864864864864,L,186.0,0.935064935064935,L,182.0,0.9482758620689656,L,0.9562289562289562,C
D,232.0,0.8409090909090909,D,198.0,1.0,D,195.0,1.0,D,191.0,1.0,D,0.9527027027027029,C
C,260.0,0.9886363636363636,C,226.0,0.9864864864864864,C,224.0,0.987012987012987,C,216.0,0.9482758620689656,C,0.9797979797979798,C
R,261.0,0.8863636363636364,R,227.0,1.0,R,225.0,0.9871794871794872,R,217.0,0.9482758620689656,R,0.9528619528619529,C
Y,269.0,0.9772727272727272,Y,235.0,0.9864864864864864,Y,233.0,0.9871794871794872,Y,225.0,1.0,Y,0.9864406779661016,C
A,273.0,0.7613636363636364,A,239.0,0.9864864864864864,A,237.0,0.9871794871794872,A,229.0,0.9649122807017544,A,0.915824915824916,C
N,274.0,1.0,N,240.0,0.9864864864864864,N,238.0,0.9871794871794872,N,230.0,0.9473684210526316,N,0.9831649831649832,C
W,277.0,1.0,W,243.0,1.0,W,241.0,1.0,W,233.0,0.9824561403508772,W,0.9966329966329966,C
L,278.0,1.0,L,244.0,0.9864864864864864,L,242.0,0.9871794871794872,L,234.0,0.9649122807017544,L,0.9865319865319864,C
L,279.0,0.9772727272727272,L,245.0,1.0,L,243.0,0.9615384615384616,L,235.0,0.9649122807017544,L,0.9764309764309764,C
V,280.0,0.9886363636363636,V,246.0,0.9864864864864864,V,244.0,1.0,V,236.0,0.9473684210526316,V,0.9831649831649832,C
E,281.0,1.0,E,247.0,0.9864864864864864,E,245.0,1.0,E,237.0,0.9824561403508772,E,0.9932432432432432,C
G,282.0,0.8522727272727273,G,248.0,0.9864864864864864,G,246.0,1.0,G,238.0,1.0,G,0.9528619528619529,C
Y,284.0,0.8409090909090909,Y,250.0,0.9864864864864864,Y,248.0,0.9615384615384616,Y,240.0,0.9310344827586208,Y,0.9261744966442952,C
L,285.0,1.0,L,251.0,1.0,L,249.0,0.9871794871794872,L,241.0,0.9827586206896552,L,0.9932885906040269,C
L,288.0,0.9659090909090908,L,254.0,1.0,L,252.0,0.9871794871794872,L,244.0,1.0,L,0.9865771812080536,C
L,289.0,0.9886363636363636,L,255.0,0.9864864864864864,L,253.0,0.9871794871794872,L,245.0,0.9827586206896552,L,0.9865771812080536,C
E,296.0,0.7613636363636364,E,262.0,0.9864864864864864,E,260.0,0.9615384615384616,E,252.0,0.9824561403508772,E,0.9124579124579124,C
Y,303.0,1.0,Y,269.0,0.9466666666666668,Y,267.0,0.9871794871794872,Y,259.0,0.9824561403508772,Y,0.9798657718120806,C
G,307.0,1.0,G,273.0,0.9733333333333334,G,271.0,0.9743589743589745,G,263.0,0.9655172413793104,G,0.979933110367893,C
W,308.0,1.0,W,274.0,0.9866666666666668,W,272.0,0.9871794871794872,W,264.0,0.9655172413793104,W,0.9866220735785952,C
P,311.0,1.0,P,277.0,1.0,P,275.0,1.0,P,267.0,1.0,P,1.0,C
L,313.0,0.9545454545454546,L,279.0,0.96,L,277.0,0.8461538461538461,L,269.0,0.9473684210526316,L,0.9261744966442952,C
F,314.0,0.9431818181818182,F,280.0,1.0,F,278.0,1.0,F,270.0,0.9649122807017544,F,0.976510067114094,C
P,317.0,0.9772727272727272,P,283.0,0.6666666666666666,P,281.0,0.9871794871794872,P,273.0,0.9824561403508772,P,0.9026845637583892,C
W,318.0,1.0,W,284.0,1.0,W,282.0,1.0,W,274.0,1.0,W,1.0,C
E,326.0,0.9885057471264368,E,292.0,1.0,E,290.0,1.0,E,282.0,0.9824561403508772,E,0.9932659932659932,C
C,330.0,1.0,C,296.0,1.0,C,294.0,1.0,C,286.0,0.9827586206896552,C,0.9966329966329966,C
W,331.0,0.9885057471264368,W,297.0,1.0,W,295.0,1.0,W,287.0,1.0,W,0.9966329966329966,C
N,334.0,0.8372093023255814,N,300.0,1.0,N,298.0,0.9871794871794872,N,290.0,0.9824561403508772,N,0.9457627118644067,C
W,340.0,0.9883720930232558,W,306.0,1.0,W,304.0,1.0,W,296.0,1.0,W,0.9966216216216216,C
I,342.0,0.9770114942528736,I,308.0,1.0,I,306.0,0.9871794871794872,I,298.0,1.0,I,0.9898648648648648,C
R,344.0,0.9885057471264368,R,310.0,0.9866666666666668,R,308.0,1.0,R,300.0,0.9824561403508772,R,0.98989898989899,C
P,346.0,0.9770114942528736,P,312.0,1.0,P,310.0,0.9487179487179488,P,302.0,1.0,P,0.9797979797979798,C
N,354.0,0.8426966292134831,N,320.0,0.9733333333333334,N,318.0,1.0,N,310.0,1.0,N,0.9464882943143812,C
F,355.0,0.9887640449438202,F,321.0,0.9866666666666668,F,319.0,0.9487179487179488,F,311.0,0.9824561403508772,F,0.9765886287625418,C
I,357.0,0.9887640449438202,I,323.0,0.96,I,321.0,1.0,I,313.0,0.9649122807017544,I,0.979933110367893,C
F,358.0,1.0,F,324.0,0.9866666666666668,F,322.0,1.0,F,314.0,1.0,F,0.9966555183946488,C
K,368.0,1.0,K,334.0,0.9866666666666668,K,332.0,1.0,K,324.0,1.0,K,0.9966555183946488,C
L,369.0,0.9887640449438202,L,335.0,0.9866666666666668,L,333.0,0.9743589743589745,L,325.0,0.9824561403508772,L,0.9832775919732442,C
M,374.0,0.8314606741573034,M,340.0,0.9733333333333334,M,338.0,0.9871794871794872,M,330.0,0.9310344827586208,M,0.9266666666666666,C
D,378.0,1.0,D,344.0,0.9866666666666668,D,342.0,1.0,D,334.0,0.9655172413793104,D,0.99,C
R,382.0,0.8651685393258427,R,348.0,0.9866666666666668,R,346.0,1.0,R,338.0,0.9827586206896552,R,0.9533333333333334,C
L,383.0,0.9887640449438202,L,349.0,1.0,L,347.0,0.9871794871794872,L,339.0,0.9827586206896552,L,0.99,C
A,384.0,1.0,A,350.0,0.9866666666666668,A,348.0,0.9871794871794872,A,340.0,1.0,A,0.9933110367892976,C
S,386.0,0.8314606741573034,S,352.0,0.9866666666666668,S,350.0,0.9871794871794872,S,342.0,0.9827586206896552,S,0.94,C
T,387.0,0.9887640449438202,T,353.0,0.9866666666666668,T,351.0,0.9871794871794872,T,343.0,0.9827586206896552,T,0.9866666666666668,C
L,388.0,0.9662921348314608,L,354.0,0.9866666666666668,L,352.0,0.9871794871794872,L,344.0,1.0,L,0.9833333333333332,C
L,390.0,1.0,L,356.0,0.9866666666666668,L,354.0,0.9871794871794872,L,346.0,1.0,L,0.9933333333333332,C
P,392.0,0.9662921348314608,P,358.0,0.9866666666666668,P,356.0,0.9871794871794872,P,348.0,1.0,P,0.9833333333333332,C
L,393.0,0.9887640449438202,L,359.0,0.9866666666666668,L,357.0,0.9871794871794872,L,349.0,1.0,L,0.99,C
L,394.0,0.9662921348314608,L,360.0,0.9866666666666668,L,358.0,0.9871794871794872,L,350.0,1.0,L,0.9833333333333332,C
G,395.0,0.9887640449438202,G,361.0,0.9866666666666668,G,359.0,0.9871794871794872,G,351.0,1.0,G,0.99,C
H,397.0,0.9662921348314608,H,363.0,0.9866666666666668,H,361.0,0.9871794871794872,H,353.0,1.0,H,0.9833333333333332,C
E,398.0,0.9662921348314608,E,364.0,0.9866666666666668,E,362.0,0.8205128205128205,E,354.0,0.9655172413793104,E,0.9333333333333332,C
F,401.0,0.9887640449438202,F,367.0,0.9866666666666668,F,365.0,0.9743589743589745,F,357.0,1.0,F,0.9866666666666668,C
G,411.0,0.9775280898876404,G,377.0,1.0,G,375.0,0.8589743589743589,G,367.0,1.0,G,0.9566666666666668,C
L,418.0,0.797752808988764,L,384.0,1.0,L,382.0,0.9871794871794872,L,374.0,0.9827586206896552,L,0.9333333333333332,C
S,426.0,1.0,S,392.0,0.9866666666666668,S,390.0,0.9871794871794872,S,382.0,1.0,S,0.9933333333333332,C
F,427.0,0.9775280898876404,F,393.0,1.0,F,391.0,0.9871794871794872,F,383.0,0.9310344827586208,F,0.9766666666666668,C
G,429.0,0.9885057471264368,G,395.0,0.9866666666666668,G,393.0,1.0,G,385.0,0.9824561403508772,G,0.9898305084745764,C
V,432.0,0.9540229885057472,V,398.0,0.9866666666666668,V,396.0,0.986842105263158,V,388.0,1.0,V,0.979591836734694,C
Y,436.0,0.9770114942528736,Y,402.0,0.9866666666666668,Y,400.0,0.986842105263158,Y,392.0,0.9649122807017544,Y,0.9796610169491524,C
G,437.0,0.7011494252873564,C,403.0,0.9866666666666668,C,401.0,0.986842105263158,C,393.0,0.9824561403508772,C,0.9016949152542372,C
F,438.0,1.0,F,404.0,0.9866666666666668,F,402.0,0.986842105263158,F,394.0,0.9473684210526316,F,0.9830508474576272,C
N,440.0,0.8965517241379308,N,406.0,1.0,N,404.0,0.9605263157894736,N,396.0,0.9824561403508772,N,0.9559322033898304,C
E,442.0,0.9885057471264368,E,408.0,0.9866666666666668,E,406.0,0.986842105263158,E,398.0,0.9824561403508772,E,0.9864406779661016,C
V,443.0,1.0,V,409.0,0.9863013698630136,V,407.0,0.9740259740259741,V,399.0,0.9649122807017544,V,0.9830508474576272,C
E,446.0,1.0,E,412.0,0.9861111111111112,E,410.0,0.986842105263158,E,402.0,0.9473684210526316,E,0.9829351535836176,C
W,451.0,1.0,W,417.0,0.9452054794520548,W,415.0,0.9605263157894736,W,407.0,0.9464285714285714,W,0.9657534246575342,C
