,6LMKvs4L6R,6LMKvs5EE7,6LMKvs5YQZ,6LMKvs5XF1,6LMKvs5XEZ,6WHCvs4L6R,6WHCvs5EE7,6WHCvs5YQZ,6WHCvs5XF1,6WHCvs5XEZ,6WPWvs4L6R,6WPWvs5EE7,6WPWvs5YQZ,6WPWvs5XF1,6WPWvs5XEZ,switch_off,switch_on,repack,dud
"('27_GLN', '293_GLN')",1.1181450000000002,1.1181450000000002,0.5958390000000001,1.1181450000000002,1.1181450000000002,1.452067,1.452067,0.929761,1.452067,1.452067,2.420021,2.420021,1.8977150000000003,2.420021,2.420021,0,12,3,0
"('39_TYR', '42_GLN')",0.810664,0.810664,0.810664,0.810664,0.810664,3.4226400000000003,3.4226400000000003,3.4226400000000003,3.4226400000000003,3.4226400000000003,0.448747,0.448747,0.448747,0.448747,0.448747,0,15,0,0
"('100_CYS', '105_GLN')",4.649056,4.649056,4.541499,4.570334,4.152723,4.070773,4.070773,3.963216,3.992051,3.57444,5.099704,5.099704,4.992147,5.020982,4.603371,0,6,9,0
"('152_SER', '390_SER')",-1.537392,-1.433523,-2.0668860000000002,-1.7472409999999998,-1.7134360000000002,-0.772125,-0.668256,-1.301619,-0.9819739999999997,-0.948169,-1.208417,-1.104548,-1.7379110000000002,-1.4182659999999998,-1.3844610000000002,0,0,15,0
"('172_THR', '248_TYR')",4.991047,3.8332889999999997,2.826603,4.742575,4.964171,3.723029,2.565271,1.5585849999999999,3.474557,3.696153,2.445102,1.2873439999999998,0.28065799999999985,2.19663,2.4182259999999998,0,3,12,0
"('172_THR', '262_SER')",0.8343520000000001,1.727427,1.1068,1.727427,1.727427,0.716446,1.609521,0.9888939999999999,1.609521,1.609521,1.038017,1.931092,1.310465,1.931092,1.931092,0,9,6,0
"('177_HIS', '400_TYR')",-5.542656000000001,-10.831623,-8.58368,-2.2463750000000005,-6.031467000000001,-4.103243000000002,-9.392210000000002,-7.144267,-0.8069620000000013,-4.592054000000002,-5.295079000000001,-10.584046,-8.336103,-1.9987980000000003,-5.783890000000001,0,0,15,0
"('181_PHE', '400_TYR')",-0.648798,-0.7333040000000001,-1.8866429999999998,-0.425053,-0.8333579999999999,-0.731285,-0.8157910000000002,-1.96913,-0.5075400000000001,-0.915845,-0.812317,-0.896823,-2.050162,-0.588572,-0.9968769999999999,0,0,15,0
"('187_LYS', '238_ASN')",3.0315270000000005,3.273312,2.331443,2.1855670000000003,2.79253,2.842142,3.083927,2.1420580000000005,1.9961820000000001,2.6031450000000005,1.3431490000000001,1.584934,0.6430650000000002,0.4971890000000001,1.1041520000000002,0,0,15,0
"('194_ILE', '231_MET')",1.809909,1.689928,1.8115359999999998,1.816949,2.1219609999999998,1.2904769999999999,1.170496,1.2921039999999997,1.2975169999999998,1.6025289999999999,0.47848500000000005,0.35850400000000004,0.480112,0.485525,0.790537,0,0,15,0
"('201_ARG', '202_TYR')",3.503717,3.503717,1.1262050000000001,3.503717,3.503717,4.5206610000000005,4.5206610000000005,2.1431490000000006,4.5206610000000005,4.5206610000000005,3.425404,3.425404,1.047892,3.425404,3.425404,0,12,3,0
"('201_ARG', '293_GLN')",7.619808,7.619808,7.619808,7.619808,7.619808,5.487716000000002,5.487716000000002,5.487716000000002,5.487716000000002,5.487716000000002,4.45276,4.45276,4.45276,4.45276,4.45276,0,15,0,0
"('202_TYR', '293_GLN')",3.810162,3.810162,3.810162,3.810162,3.810162,1.072218,1.072218,1.072218,1.072218,1.072218,1.122566,1.122566,1.122566,1.122566,1.122566,0,15,0,0
"('228_ALA', '295_TRP')",1.219065,1.219065,0.5266850000000001,0.3615100000000001,0.366221,1.659523,1.659523,0.9671430000000001,0.8019680000000001,0.806679,1.526251,1.526251,0.833871,0.6686960000000001,0.673407,0,6,9,0
"('236_VAL', '311_VAL')",-2.700795,-0.695145,-1.469737,-1.406417,-0.676003,-2.6737219999999997,-0.668072,-1.4426640000000002,-1.3793440000000001,-0.64893,-2.803736,-0.798086,-1.572678,-1.509358,-0.778944,0,0,15,0
"('238_ASN', '242_LEU')",0.507618,0.507618,0.507618,0.507618,0.507618,0.860157,0.860157,0.860157,0.860157,0.860157,1.593206,1.593206,1.593206,1.593206,1.593206,0,15,0,0
"('242_LEU', '357_LEU')",2.7475400000000003,2.7475400000000003,2.7475400000000003,2.7475400000000003,2.7475400000000003,0.250133,0.250133,0.250133,0.250133,0.250133,1.980412,1.980412,1.980412,1.980412,1.980412,0,15,0,0
"('242_LEU', '392_GLN')",0.478766,0.478766,0.478766,0.478766,0.478766,1.110568,1.110568,1.110568,1.110568,1.110568,1.561231,1.561231,1.561231,1.561231,1.561231,0,15,0,0
"('250_HIS', '321_ILE')",2.39358,2.0357250000000002,2.055041,2.268954,2.005998,1.483506,1.125651,1.144967,1.35888,1.0959240000000001,1.136408,0.7785530000000002,0.7978690000000002,1.0117820000000002,0.7488260000000002,0,0,15,0
"('261_ARG', '263_PHE')",2.770869,2.770869,2.770869,2.770869,2.770869,2.166435,2.166435,2.166435,2.166435,2.166435,2.806993,2.806993,2.806993,2.806993,2.806993,0,15,0,0
"('282_TRP', '303_PHE')",0.957173,0.957173,0.7558900000000001,0.957173,0.957173,2.43703,2.43703,2.235747,2.43703,2.43703,1.29293,1.29293,1.091647,1.29293,1.29293,0,12,3,0
"('298_ASN', '304_TRP')",6.7953220000000005,6.7953220000000005,4.206921000000001,6.7953220000000005,6.7953220000000005,7.955462,7.955462,5.367061,7.955462,7.955462,12.727385,12.727385,10.138984,12.727385,12.727385,0,12,3,0
"('315_ILE', '362_GLU')",2.331594,2.331594,2.331594,2.331594,2.331594,0.4804479999999999,0.4804479999999999,0.4804479999999999,0.4804479999999999,0.4804479999999999,0.756027,0.756027,0.756027,0.756027,0.756027,0,15,0,0
"('318_ASN', '358_LEU')",5.994456,5.994456,5.994456,5.994456,5.994456,1.757478,1.757478,1.757478,1.757478,1.757478,6.061706,6.061706,6.061706,6.061706,6.061706,0,15,0,0
"('322_PHE', '356_PRO')",-0.7675529999999999,-1.309807,-0.37578300000000003,-0.410715,-2.52483,-0.775423,-1.317677,-0.383653,-0.418585,-2.5327,-0.775423,-1.317677,-0.383653,-0.418585,-2.5327,10,0,5,0
"('333_LEU', '347_LEU')",1.545521,1.545521,1.545521,1.545521,1.545521,0.62559,0.62559,0.62559,0.62559,0.62559,0.415044,0.415044,0.415044,0.415044,0.415044,0,15,0,0
"('346_ARG', '350_SER')",1.554675,1.554675,1.554675,1.554675,1.554675,0.6631729999999999,0.6631729999999999,0.6631729999999999,0.6631729999999999,0.6631729999999999,0.724079,0.724079,0.724079,0.724079,0.724079,0,15,0,0
"('357_LEU', '396_VAL')",1.933794,1.933794,1.933794,1.933794,1.933794,4.170818,4.170818,4.170818,4.170818,4.170818,0.717105,0.717105,0.717105,0.717105,0.717105,0,15,0,0
"('357_LEU', '400_TYR')",4.414295,4.414295,4.414295,4.414295,4.414295,0.7864909999999999,0.7864909999999999,0.7864909999999999,0.7864909999999999,0.7864909999999999,5.333136,5.333136,5.333136,5.333136,5.333136,0,15,0,0
"('152_SER', '391_PHE')",-0.585304,-2.228024,-2.048238,-1.844853,-2.3475040000000003,-0.31871200000000005,-1.961432,-1.781646,-1.5782610000000001,-2.080912,-0.585304,-2.228024,-2.048238,-1.844853,-2.3475040000000003,10,0,5,0
"('183_SER', '234_GLY')",-2.159702,-1.760778,-0.65725,-1.251023,-0.634498,-1.8540659999999998,-1.455142,-0.351614,-0.945387,-0.328862,-1.8553169999999999,-1.4563929999999998,-0.352865,-0.946638,-0.330113,5,0,10,0
"('243_LEU', '318_ASN')",-8.628146000000001,-8.675168,-6.498121,-7.109527000000001,-7.3970850000000015,-8.336467,-8.383488999999999,-6.206442,-6.817848000000001,-7.105406000000001,-3.625853000000001,-3.6728749999999994,-1.4958280000000004,-2.107234000000001,-2.3947920000000016,5,0,10,0
"('177_HIS', '347_LEU')",-0.5825,-1.264478,-0.934608,-1.201412,-1.262921,-0.5825,-1.264478,-0.934608,-1.201412,-1.262921,-0.5825,-1.264478,-0.934608,-1.201412,-1.262921,15,0,0,0
"('180_LEU', '400_TYR')",-1.438727,-1.381994,-1.3972950000000002,-1.114793,-1.299724,-1.438727,-1.381994,-1.3972950000000002,-1.114793,-1.299724,-1.438727,-1.381994,-1.3972950000000002,-1.114793,-1.299724,15,0,0,0
"('183_SER', '184_PHE')",-1.441959,-0.563646,-0.7288279999999999,-0.264359,-1.379409,-1.441959,-0.563646,-0.7288279999999999,-0.264359,-1.379409,-1.441959,-0.563646,-0.7288279999999999,-0.264359,-1.379409,15,0,0,0
"('194_ILE', '198_LEU')",-0.91085,-0.430279,-0.6390170000000001,-0.416221,-0.210162,-0.91085,-0.430279,-0.6390170000000001,-0.416221,-0.210162,-0.91085,-0.430279,-0.6390170000000001,-0.416221,-0.210162,15,0,0,0
"('242_LEU', '354_LEU')",-2.919345,-1.618218,-1.277253,-1.984718,-2.385843,-2.919345,-1.618218,-1.277253,-1.984718,-2.385843,-2.919345,-1.618218,-1.277253,-1.984718,-2.385843,15,0,0,0
"('242_LEU', '355_ILE')",-2.716471,-4.452187,-1.327309,-0.842474,-2.310881,-2.716471,-4.452187,-1.327309,-0.842474,-2.310881,-2.716471,-4.452187,-1.327309,-0.842474,-2.310881,15,0,0,0
"('245_GLU', '351_THR')",-2.202556,-2.389536,-1.3077,-1.881732,-2.284446,-2.202556,-2.389536,-1.3077,-1.881732,-2.284446,-2.202556,-2.389536,-1.3077,-1.881732,-2.284446,15,0,0,0
"('245_GLU', '400_TYR')",-7.431158,-7.7831899999999985,-7.442538000000001,-9.065952,-6.9670440000000005,-7.431158,-7.7831899999999985,-7.442538000000001,-9.065952,-6.9670440000000005,-7.431158,-7.7831899999999985,-7.442538000000001,-9.065952,-6.9670440000000005,15,0,0,0
"('246_GLY', '325_ILE')",-0.4304270000000001,-1.253297,-2.1678759999999997,-0.385851,-0.450767,-0.4304270000000001,-1.253297,-2.1678759999999997,-0.385851,-0.450767,-0.4304270000000001,-1.253297,-2.1678759999999997,-0.385851,-0.450767,15,0,0,0
"('249_LEU', '347_LEU')",-1.55899,-1.696235,-1.520679,-0.922871,-1.579613,-1.55899,-1.696235,-1.520679,-0.922871,-1.579613,-1.55899,-1.696235,-1.520679,-0.922871,-1.579613,15,0,0,0
"('249_LEU', '348_ALA')",-0.83439,-1.931524,-3.170171,-1.58995,-1.945833,-0.83439,-1.931524,-3.170171,-1.58995,-1.945833,-0.83439,-1.931524,-3.170171,-1.58995,-1.945833,15,0,0,0
"('249_LEU', '351_THR')",-1.885442,-0.883857,-1.30821,-2.0933919999999997,-1.307192,-1.885442,-0.883857,-1.30821,-2.0933919999999997,-1.307192,-1.885442,-0.883857,-1.30821,-2.0933919999999997,-1.307192,15,0,0,0
"('250_HIS', '325_ILE')",-2.869802,-2.000864,-4.2000519999999995,-1.922202,-2.979955,-2.869802,-2.000864,-4.2000519999999995,-1.922202,-2.979955,-2.869802,-2.000864,-4.2000519999999995,-1.922202,-2.979955,15,0,0,0
"('318_ASN', '355_ILE')",-4.765097,-2.777575,-0.705801,-2.813853,-3.427601,-4.765097,-2.777575,-0.705801,-2.813853,-3.427601,-4.765097,-2.777575,-0.705801,-2.813853,-3.427601,15,0,0,0
"('332_LYS', '338_MET')",-3.5988629999999997,-4.211026,-1.503883,-5.544354,-4.451006,-3.5988629999999997,-4.211026,-1.503883,-5.544354,-4.451006,-3.5988629999999997,-4.211026,-1.503883,-5.544354,-4.451006,15,0,0,0
"('340_HIS', '345_PHE')",-3.301448,-8.705364999999999,-7.140045,-1.058903,-0.389748,-3.301448,-8.705364999999999,-7.140045,-1.058903,-0.389748,-3.301448,-8.705364999999999,-7.140045,-1.058903,-0.389748,15,0,0,0
"('341_THR', '346_ARG')",-0.34321799999999997,-3.50046,-8.61201,-2.493583,-3.468685,-0.34321799999999997,-3.50046,-8.61201,-2.493583,-3.468685,-0.34321799999999997,-3.50046,-8.61201,-2.493583,-3.468685,15,0,0,0
"('346_ARG', '405_LYS')",-2.468261,-4.393346,-0.418519,-2.070782,-6.31241,-2.468261,-4.393346,-0.418519,-2.070782,-6.31241,-2.468261,-4.393346,-0.418519,-2.070782,-6.31241,15,0,0,0
"('347_LEU', '400_TYR')",-1.243961,-0.682487,-0.231192,-0.86565,-0.381971,-1.243961,-0.682487,-0.231192,-0.86565,-0.381971,-1.243961,-0.682487,-0.231192,-0.86565,-0.381971,15,0,0,0
"('350_SER', '399_LEU')",-4.775632,-5.943278,-6.319337,-4.225332,-4.534905,-4.775632,-5.943278,-6.319337,-4.225332,-4.534905,-4.775632,-5.943278,-6.319337,-4.225332,-4.534905,15,0,0,0
"('350_SER', '400_TYR')",-3.035579,-2.620952,-2.3983369999999997,-3.227314,-5.214935,-3.035579,-2.620952,-2.3983369999999997,-3.227314,-5.214935,-3.035579,-2.620952,-2.3983369999999997,-3.227314,-5.214935,15,0,0,0
"('351_THR', '400_TYR')",-6.035609,-5.44949,-6.12274,-6.203511,-7.065419,-6.035609,-5.44949,-6.12274,-6.203511,-7.065419,-6.035609,-5.44949,-6.12274,-6.203511,-7.065419,15,0,0,0
"('354_LEU', '395_LEU')",-0.628117,-0.971425,-0.977878,-0.636423,-0.662404,-0.628117,-0.971425,-0.977878,-0.636423,-0.662404,-0.628117,-0.971425,-0.977878,-0.636423,-0.662404,15,0,0,0
"('354_LEU', '396_VAL')",-2.306674,-0.887051,-1.314098,-2.064083,-1.356014,-2.306674,-0.887051,-1.314098,-2.064083,-1.356014,-2.306674,-0.887051,-1.314098,-2.064083,-1.356014,15,0,0,0
"('358_LEU', '392_GLN')",-1.779656,-2.615888,-1.963998,-2.2731470000000003,-1.656222,-1.779656,-2.615888,-1.963998,-2.2731470000000003,-1.656222,-1.779656,-2.615888,-1.963998,-2.2731470000000003,-1.656222,15,0,0,0
"('360_VAL', '364_VAL')",-0.209936,-0.30055,-0.638389,-0.42371,-0.662909,-0.209936,-0.30055,-0.638389,-0.42371,-0.662909,-0.209936,-0.30055,-0.638389,-0.42371,-0.662909,15,0,0,0
