,6VCBvs6KK7,6VCBvs5VEW,6VCBvs6KJV,6VCBvs6KK1,6VCBvs6LN2,6VCBvs5VEX,7LCKvs6KK7,7LCKvs5VEW,7LCKvs6KJV,7LCKvs6KK1,7LCKvs6LN2,7LCKvs5VEX,7LCIvs6KK7,7LCIvs5VEW,7LCIvs6KJV,7LCIvs6KK1,7LCIvs6LN2,7LCIvs5VEX,6X1Avs6KK7,6X1Avs5VEW,6X1Avs6KJV,6X1Avs6KK1,6X1Avs6LN2,6X1Avs5VEX,6X18vs6KK7,6X18vs5VEW,6X18vs6KJV,6X18vs6KK1,6X18vs6LN2,6X18vs5VEX,6XOXvs6KK7,6XOXvs5VEW,6XOXvs6KJV,6XOXvs6KK1,6XOXvs6LN2,6XOXvs5VEX,6X19vs6KK7,6X19vs5VEW,6X19vs6KJV,6X19vs6KK1,6X19vs6LN2,6X19vs5VEX,6B3Jvs6KK7,6B3Jvs5VEW,6B3Jvs6KJV,6B3Jvs6KK1,6B3Jvs6LN2,6B3Jvs5VEX,7LCJvs6KK7,7LCJvs5VEW,7LCJvs6KJV,7LCJvs6KK1,7LCJvs6LN2,7LCJvs5VEX,switch_off,switch_on,repack,dud
"('39_TRP', '43_ARG')",3.849302,3.849302,3.849302,3.849302,3.698292,3.849302,1.120093,1.120093,1.120093,1.120093,0.969083,1.120093,2.755681,2.755681,2.755681,2.755681,2.604671,2.755681,2.6104580000000004,2.6104580000000004,2.6104580000000004,2.6104580000000004,2.4594480000000005,2.6104580000000004,1.884452,1.884452,1.884452,1.884452,1.7334420000000001,1.884452,2.381671,2.381671,2.381671,2.381671,2.230661,2.381671,3.505388,3.505388,3.505388,3.505388,3.354378,3.505388,1.009559,1.009559,1.009559,1.009559,0.8585490000000001,1.009559,2.718782,2.718782,2.718782,2.718782,2.567772,2.718782,0,45,9,0
"('83_VAL', '99_HIS')",2.957785,2.957785,2.957785,2.957785,2.152739,2.957785,5.043088,5.043088,5.043088,5.043088,4.238042,5.043088,5.323702,5.323702,5.323702,5.323702,4.518656,5.323702,5.783139,5.783139,5.783139,5.783139,4.978093,5.783139,8.879744,8.879744,8.879744,8.879744,8.074698,8.879744,4.218088,4.218088,4.218088,4.218088,3.413042,4.218088,7.143864999999999,7.143864999999999,7.143864999999999,7.143864999999999,6.338818999999999,7.143864999999999,7.688184,7.688184,7.688184,7.688184,6.883138,7.688184,5.86802,5.86802,5.86802,5.86802,5.062974,5.86802,0,45,9,0
"('85_CYS', '126_CYS')",6.239018,6.239018,6.239018,6.239018,2.684529,6.239018,4.160064,4.160064,4.160064,4.160064,0.6055750000000004,4.160064,3.814939,3.814939,3.814939,3.814939,0.26045000000000007,3.814939,3.958593,3.958593,3.958593,3.958593,0.40410400000000024,3.958593,4.895412,4.895412,4.895412,4.895412,1.3409230000000005,4.895412,5.8342160000000005,5.8342160000000005,5.8342160000000005,5.8342160000000005,2.2797270000000007,5.8342160000000005,5.5019589999999985,5.5019589999999985,5.5019589999999985,5.5019589999999985,1.9474699999999987,5.5019589999999985,4.074808999999999,4.074808999999999,4.074808999999999,4.074808999999999,0.5203199999999994,4.074808999999999,4.517365,4.517365,4.517365,4.517365,0.9628760000000001,4.517365,0,45,9,0
"('148_TYR', '152_TYR')",-6.569373,-4.65085,-5.824999000000001,-5.146686000000001,-1.4032760000000004,-4.298263,-8.189841,-6.271318,-7.445467000000001,-6.767154000000001,-3.023744,-5.918731,-8.648784,-6.730261,-7.90441,-7.226097,-3.4826870000000003,-6.377674,-8.104424,-6.185900999999999,-7.360050000000001,-6.681737,-2.938327,-5.833314,-8.334118,-6.415595,-7.5897440000000005,-6.911431,-3.168021,-6.063008,-7.9724759999999995,-6.053953,-7.228102000000001,-6.5497890000000005,-2.806379,-5.701366,-8.100964999999999,-6.182442,-7.356591000000001,-6.678278000000001,-2.934868,-5.829855,-7.022072,-5.103549,-6.277698000000001,-5.599385000000001,-1.8559750000000002,-4.750962,-8.587523,-6.669,-7.843149,-7.164836,-3.4214260000000003,-6.316413,0,0,54,0
"('149_THR', '195_PHE')",1.268539,1.198153,1.22066,1.146074,1.386614,1.310478,0.7766549999999999,0.7062689999999999,0.7287759999999999,0.6541899999999999,0.8947299999999999,0.8185939999999999,1.8458780000000001,1.775492,1.7979990000000001,1.723413,1.963953,1.887817,1.552744,1.4823579999999998,1.504865,1.4302789999999999,1.6708189999999998,1.5946829999999999,1.773543,1.703157,1.725664,1.651078,1.891618,1.815482,1.540545,1.470159,1.492666,1.41808,1.65862,1.582484,3.037408,2.967022,2.989529,2.914943,3.1554830000000003,3.0793470000000003,0.8869269999999999,0.816541,0.839048,0.764462,1.005002,0.928866,0.9363279999999999,0.865942,0.888449,0.813863,1.054403,0.978267,0,9,45,0
"('166_LEU', '172_LEU')",-2.000009,-2.171778,-1.612479,-2.5127909999999996,-2.0289669999999997,-1.8639289999999997,-1.494525,-1.6662940000000004,-1.1069950000000002,-2.007307,-1.523483,-1.358445,-0.836649,-1.0084180000000003,-0.44911900000000005,-1.3494309999999996,-0.8656069999999998,-0.7005689999999998,-0.9133089999999999,-1.0850780000000002,-0.525779,-1.4260909999999996,-0.9422669999999997,-0.7772289999999997,-1.004698,-1.1764670000000004,-0.6171680000000002,-1.5174799999999997,-1.033656,-0.8686179999999999,-1.268366,-1.4401350000000004,-0.8808360000000002,-1.7811479999999997,-1.297324,-1.132286,-2.124851,-2.2966200000000003,-1.7373210000000001,-2.6376329999999997,-2.153809,-1.9887709999999998,-2.399472,-2.571241,-2.011942,-2.9122539999999995,-2.4284299999999996,-2.2633919999999996,-1.917071,-2.0888400000000003,-1.529541,-2.4298529999999996,-1.9460289999999998,-1.7809909999999998,0,0,54,0
"('180_HIS', '402_TYR')",-10.091664,-8.737517,-7.599129,-9.604042999999999,-7.449946999999998,-8.895702,-10.325057000000001,-8.970910000000002,-7.832522,-9.837436,-7.6833399999999985,-9.129095000000001,-8.587078,-7.232931000000001,-6.094543,-8.099457,-5.945360999999998,-7.391116,-9.851223000000001,-8.497076000000002,-7.358688,-9.363602,-7.209505999999998,-8.655261000000001,-9.829846,-8.475699,-7.337311,-9.342225,-7.188128999999998,-8.633884,-7.723893,-6.369746000000001,-5.231358,-7.236272,-5.082175999999999,-6.527931000000001,-8.147051,-6.792904,-5.654515999999999,-7.659429999999999,-5.505333999999998,-6.951089,-3.697789,-2.343642000000001,-1.205254,-3.2101679999999995,-1.0560719999999986,-2.5018270000000005,-9.881959,-8.527812,-7.389424,-9.394338,-7.2402419999999985,-8.685997,0,0,54,0
"('183_LEU', '244_LEU')",0.8988699999999998,1.340803,1.3340130000000001,1.2492739999999998,1.2884159999999998,1.31538,2.146751,2.5886839999999998,2.581894,2.497155,2.536297,2.563261,1.449266,1.891199,1.8844090000000002,1.7996699999999999,1.838812,1.865776,0.6754360000000001,1.1173690000000003,1.1105790000000004,1.02584,1.064982,1.0919460000000003,1.2986229999999999,1.740556,1.7337660000000001,1.6490269999999998,1.6881689999999998,1.715133,0.5107249999999999,0.952658,0.945868,0.8611289999999999,0.9002709999999999,0.927235,1.525358,1.9672910000000001,1.9605010000000003,1.875762,1.914904,1.9418680000000001,0.8545429999999998,1.296476,1.289686,1.2049469999999998,1.2440889999999998,1.271053,1.27334,1.715273,1.7084830000000002,1.6237439999999999,1.6628859999999999,1.68985,0,0,54,0
"('183_LEU', '398_VAL')",-0.617239,-0.777693,-0.678926,-0.8722909999999999,-0.9332980000000001,-0.844044,-0.530069,-0.690523,-0.5917560000000001,-0.785121,-0.8461280000000001,-0.756874,-0.562698,-0.723152,-0.6243850000000001,-0.81775,-0.8787570000000001,-0.7895030000000001,-0.532448,-0.692902,-0.5941350000000001,-0.7875,-0.8485070000000001,-0.7592530000000001,-0.467851,-0.628305,-0.5295380000000001,-0.722903,-0.7839100000000001,-0.694656,-0.724005,-0.884459,-0.7856920000000001,-0.979057,-1.040064,-0.95081,-0.724005,-0.884459,-0.7856920000000001,-0.979057,-1.040064,-0.95081,-0.724005,-0.884459,-0.7856920000000001,-0.979057,-1.040064,-0.95081,-0.561585,-0.722039,-0.623272,-0.816637,-0.8776440000000001,-0.78839,18,0,36,0
"('184_PHE', '402_TYR')",-0.668451,-0.941871,-0.9348869999999999,-1.252792,-0.953644,-1.363338,-0.856433,-1.129853,-1.122869,-1.440774,-1.141626,-1.55132,-0.856433,-1.129853,-1.122869,-1.440774,-1.141626,-1.55132,-0.856433,-1.129853,-1.122869,-1.440774,-1.141626,-1.55132,-0.856433,-1.129853,-1.122869,-1.440774,-1.141626,-1.55132,-0.3963309999999999,-0.6697509999999999,-0.6627669999999998,-0.9806719999999999,-0.6815239999999999,-1.091218,-0.856433,-1.129853,-1.122869,-1.440774,-1.141626,-1.55132,-0.746139,-1.019559,-1.012575,-1.33048,-1.031332,-1.441026,-0.856433,-1.129853,-1.122869,-1.440774,-1.141626,-1.55132,36,0,18,0
"('186_SER', '236_CYS')",-1.751328,-2.049956,-1.0665170000000002,-1.853004,-2.661238,-2.3943470000000002,-1.778393,-2.077021,-1.093582,-1.880069,-2.688303,-2.421412,-1.778393,-2.077021,-1.093582,-1.880069,-2.688303,-2.421412,-1.7092859999999999,-2.007914,-1.024475,-1.810962,-2.619196,-2.3523050000000003,-1.3630879999999999,-1.6617159999999997,-0.678277,-1.464764,-2.272998,-2.006107,-1.7265819999999998,-2.02521,-1.041771,-1.828258,-2.636492,-2.3696010000000003,-1.63425,-1.9328779999999999,-0.949439,-1.735926,-2.5441599999999998,-2.277269,-1.598036,-1.896664,-0.9132250000000001,-1.699712,-2.507946,-2.2410550000000002,-1.778393,-2.077021,-1.093582,-1.880069,-2.688303,-2.421412,18,0,36,0
"('186_SER', '243_TRP')",2.136155,2.163564,2.163564,2.163564,2.163564,2.163564,0.362993,0.390402,0.390402,0.390402,0.390402,0.390402,1.6903290000000002,1.7177380000000002,1.7177380000000002,1.7177380000000002,1.7177380000000002,1.7177380000000002,2.720163,2.747572,2.747572,2.747572,2.747572,2.747572,2.1764509999999997,2.2038599999999997,2.2038599999999997,2.2038599999999997,2.2038599999999997,2.2038599999999997,1.813857,1.841266,1.841266,1.841266,1.841266,1.841266,3.5540710000000004,3.5814800000000004,3.5814800000000004,3.5814800000000004,3.5814800000000004,3.5814800000000004,1.003701,1.03111,1.03111,1.03111,1.03111,1.03111,1.253131,1.28054,1.28054,1.28054,1.28054,1.28054,0,45,9,0
"('189_LEU', '274_TRP')",1.174046,1.174046,1.174046,1.174046,1.174046,1.174046,0.864168,0.864168,0.864168,0.864168,0.864168,0.864168,0.4519359999999999,0.4519359999999999,0.4519359999999999,0.4519359999999999,0.4519359999999999,0.4519359999999999,0.974494,0.974494,0.974494,0.974494,0.974494,0.974494,0.717012,0.717012,0.717012,0.717012,0.717012,0.717012,0.584626,0.584626,0.584626,0.584626,0.584626,0.584626,0.682541,0.682541,0.682541,0.682541,0.682541,0.682541,1.279825,1.279825,1.279825,1.279825,1.279825,1.279825,0.84696,0.84696,0.84696,0.84696,0.84696,0.84696,0,54,0,0
"('190_ARG', '236_CYS')",-0.6220440000000003,-0.9407299999999998,-0.27427400000000013,-1.600053,-1.813605,-0.9330539999999998,-1.3874790000000001,-1.7061649999999997,-1.039709,-2.365488,-2.57904,-1.6984889999999997,-1.1651360000000004,-1.483822,-0.8173660000000003,-2.143145,-2.356697,-1.476146,-1.6618130000000002,-1.9804989999999998,-1.314043,-2.6398219999999997,-2.8533739999999996,-1.9728229999999998,-1.5497250000000002,-1.8684109999999998,-1.201955,-2.5277339999999997,-2.7412859999999997,-1.8607349999999998,-1.7748340000000002,-2.09352,-1.427064,-2.752843,-2.966395,-2.085844,-2.1825490000000003,-2.501235,-1.8347790000000002,-3.160558,-3.37411,-2.493559,-1.0066460000000004,-1.325332,-0.6588760000000002,-1.984655,-2.198207,-1.317656,-1.7946190000000004,-2.113305,-1.4468490000000003,-2.772628,-2.98618,-2.105629,0,0,54,0
"('190_ARG', '241_TYR')",8.367275,8.367275,8.367275,8.367275,8.367275,8.367275,1.316017,1.316017,1.316017,1.316017,1.316017,1.316017,5.192174,5.192174,5.192174,5.192174,5.192174,5.192174,3.676344,3.676344,3.676344,3.676344,3.676344,3.676344,5.056603,5.056603,5.056603,5.056603,5.056603,5.056603,7.705673,7.705673,7.705673,7.705673,7.705673,7.705673,7.947589,7.947589,7.947589,7.947589,7.947589,7.947589,1.863057,1.863057,1.863057,1.863057,1.863057,1.863057,1.816567,1.816567,1.816567,1.816567,1.816567,1.816567,0,54,0,0
"('193_SER', '236_CYS')",1.825961,1.825961,1.825961,1.718171,1.825961,1.825961,0.6509119999999999,0.6509119999999999,0.6509119999999999,0.5431219999999999,0.6509119999999999,0.6509119999999999,2.246907,2.246907,2.246907,2.139117,2.246907,2.246907,0.930272,0.930272,0.930272,0.8224819999999999,0.930272,0.930272,0.6854979999999999,0.6854979999999999,0.6854979999999999,0.5777079999999999,0.6854979999999999,0.6854979999999999,1.101595,1.101595,1.101595,0.993805,1.101595,1.101595,0.31000500000000003,0.31000500000000003,0.31000500000000003,0.20221500000000003,0.31000500000000003,0.31000500000000003,2.895246,2.895246,2.895246,2.787456,2.895246,2.895246,1.4156799999999998,1.4156799999999998,1.4156799999999998,1.3078899999999998,1.4156799999999998,1.4156799999999998,0,45,9,0
"('197_LYS', '233_MET')",2.357873,2.357873,2.357873,2.357873,2.357873,2.357873,0.6089979999999999,0.6089979999999999,0.6089979999999999,0.6089979999999999,0.6089979999999999,0.6089979999999999,2.685132,2.685132,2.685132,2.685132,2.685132,2.685132,1.724893,1.724893,1.724893,1.724893,1.724893,1.724893,0.883973,0.883973,0.883973,0.883973,0.883973,0.883973,3.865776,3.865776,3.865776,3.865776,3.865776,3.865776,2.846684,2.846684,2.846684,2.846684,2.846684,2.846684,3.194627,3.194627,3.194627,3.194627,3.194627,3.194627,0.4329,0.4329,0.4329,0.4329,0.4329,0.4329,0,54,0,0
"('231_LEU', '297_TRP')",0.8891049999999999,0.5754519999999999,0.737018,0.60469,0.2136389999999999,0.4900999999999999,2.302337,1.9886840000000001,2.15025,2.017922,1.626871,1.903332,2.3676939999999997,2.054041,2.215607,2.0832789999999997,1.6922279999999996,1.9686889999999997,1.728947,1.415294,1.57686,1.444532,1.0534810000000001,1.329942,1.0484790000000002,0.7348260000000002,0.8963920000000002,0.7640640000000001,0.37301300000000015,0.6494740000000001,1.314002,1.000349,1.1619149999999998,1.0295869999999998,0.6385359999999999,0.9149969999999998,1.335324,1.021671,1.1832369999999999,1.0509089999999999,0.659858,0.9363189999999999,2.113035,1.799382,1.960948,1.82862,1.4375689999999999,1.71403,0.970708,0.657055,0.818621,0.686293,0.295242,0.5717030000000001,0,9,45,0
"('235_TYR', '274_TRP')",-3.1357530000000002,-2.7526920000000006,-2.8659950000000007,-4.022862000000001,-1.9449510000000005,-2.914747000000001,-5.439779,-5.056718,-5.170021,-6.326888,-4.248977,-5.2187730000000006,-4.527535,-4.144474000000001,-4.257777000000001,-5.414644000000001,-3.3367330000000006,-4.306529000000001,-4.231074,-3.848013,-3.961316,-5.118183,-3.040272,-4.010068,-2.809781,-2.4267200000000004,-2.5400230000000006,-3.6968900000000007,-1.6189790000000004,-2.588775000000001,-2.590477,-2.2074160000000003,-2.3207190000000004,-3.4775860000000005,-1.3996750000000002,-2.3694710000000008,-2.5000220000000004,-2.1169610000000008,-2.230264000000001,-3.387131000000001,-1.3092200000000007,-2.2790160000000013,-4.417312,-4.034251,-4.147554,-5.3044210000000005,-3.22651,-4.196306000000001,-5.843946,-5.460885,-5.574188,-6.7310550000000005,-4.653144,-5.622940000000001,0,0,54,0
"('241_TYR', '364_GLU')",4.633687,4.457995,4.633687,4.633687,4.268813,1.6244330000000002,3.660987,3.485295,3.660987,3.660987,3.296113,0.6517330000000001,7.581171,7.405479000000001,7.581171,7.581171,7.216297,4.571917000000001,7.945956,7.770264,7.945956,7.945956,7.581081999999999,4.936702,7.32823,7.152538,7.32823,7.32823,6.963355999999999,4.318975999999999,8.559044,8.383352,8.559044,8.559044,8.19417,5.54979,8.374633,8.198941,8.374633,8.374633,8.009758999999999,5.365378999999999,4.436999,4.261307,4.436999,4.436999,4.072125,1.4277450000000003,4.018729,3.8430370000000003,4.018729,4.018729,3.6538550000000005,1.0094750000000006,0,27,27,0
"('244_LEU', '359_LEU')",3.40889,3.40889,3.40889,3.40889,3.40889,3.40889,2.04589,2.04589,2.04589,2.04589,2.04589,2.04589,2.616775,2.616775,2.616775,2.616775,2.616775,2.616775,2.367507,2.367507,2.367507,2.367507,2.367507,2.367507,2.219036,2.219036,2.219036,2.219036,2.219036,2.219036,1.612191,1.612191,1.612191,1.612191,1.612191,1.612191,2.5213669999999997,2.5213669999999997,2.5213669999999997,2.5213669999999997,2.5213669999999997,2.5213669999999997,0.980693,0.980693,0.980693,0.980693,0.980693,0.980693,2.297816,2.297816,2.297816,2.297816,2.297816,2.297816,0,54,0,0
"('244_LEU', '394_GLN')",3.231018,3.231018,3.231018,3.231018,3.231018,3.231018,0.854384,0.854384,0.854384,0.854384,0.854384,0.854384,0.846691,0.846691,0.846691,0.846691,0.846691,0.846691,0.940134,0.940134,0.940134,0.940134,0.940134,0.940134,1.44064,1.44064,1.44064,1.44064,1.44064,1.44064,1.808149,1.808149,1.808149,1.808149,1.808149,1.808149,1.076257,1.076257,1.076257,1.076257,1.076257,1.076257,1.566441,1.566441,1.566441,1.566441,1.566441,1.566441,1.161244,1.161244,1.161244,1.161244,1.161244,1.161244,0,54,0,0
"('246_VAL', '273_GLY')",1.04224,1.100995,1.055246,1.0733629999999998,0.7728869999999999,1.1816229999999999,0.489032,0.547787,0.502038,0.520155,0.219679,0.6284150000000001,0.9657969999999999,1.024552,0.9788029999999999,0.9969199999999999,0.6964439999999998,1.1051799999999998,0.6401220000000001,0.6988770000000001,0.6531280000000002,0.6712450000000001,0.37076900000000007,0.7795050000000001,0.623071,0.681826,0.636077,0.654194,0.35371800000000003,0.7624540000000001,1.249438,1.308193,1.262444,1.2805609999999998,0.9800849999999999,1.3888209999999999,0.7003360000000001,0.7590910000000001,0.7133420000000001,0.7314590000000001,0.43098300000000006,0.8397190000000001,0.880561,0.939316,0.893567,0.911684,0.611208,1.019944,0.5429579999999999,0.6017129999999999,0.5559639999999999,0.574081,0.27360499999999993,0.682341,0,0,54,0
"('247_GLU', '359_LEU')",10.523923,10.523923,10.523923,10.523923,10.523923,10.523923,2.977716,2.977716,2.977716,2.977716,2.977716,2.977716,6.501084,6.501084,6.501084,6.501084,6.501084,6.501084,4.4634529999999994,4.4634529999999994,4.4634529999999994,4.4634529999999994,4.4634529999999994,4.4634529999999994,3.71958,3.71958,3.71958,3.71958,3.71958,3.71958,4.155454,4.155454,4.155454,4.155454,4.155454,4.155454,3.853752,3.853752,3.853752,3.853752,3.853752,3.853752,6.1138059999999985,6.1138059999999985,6.1138059999999985,6.1138059999999985,6.1138059999999985,6.1138059999999985,2.540568,2.540568,2.540568,2.540568,2.540568,2.540568,0,54,0,0
"('248_GLY', '360_LEU')",0.439615,0.439615,0.439615,0.439615,0.439615,0.439615,1.419989,1.419989,1.419989,1.419989,1.419989,1.419989,1.370672,1.370672,1.370672,1.370672,1.370672,1.370672,1.341456,1.341456,1.341456,1.341456,1.341456,1.341456,1.270122,1.270122,1.270122,1.270122,1.270122,1.270122,0.20909299999999995,0.20909299999999995,0.20909299999999995,0.20909299999999995,0.20909299999999995,0.20909299999999995,1.24714,1.24714,1.24714,1.24714,1.24714,1.24714,1.055452,1.055452,1.055452,1.055452,1.055452,1.055452,1.192859,1.192859,1.192859,1.192859,1.192859,1.192859,0,54,0,0
"('249_VAL', '323_ILE')",0.876897,2.043396,2.043396,2.043396,2.03571,2.043396,1.272053,2.438552,2.438552,2.438552,2.430866,2.438552,0.8583820000000002,2.024881,2.024881,2.024881,2.017195,2.024881,0.9028330000000002,2.069332,2.069332,2.069332,2.061646,2.069332,0.537283,1.703782,1.703782,1.703782,1.6960959999999998,1.703782,0.47414100000000015,1.64064,1.64064,1.64064,1.632954,1.64064,0.441319,1.607818,1.607818,1.607818,1.6001319999999999,1.607818,0.39956000000000014,1.566059,1.566059,1.566059,1.558373,1.566059,0.5731809999999999,1.73968,1.73968,1.73968,1.7319939999999998,1.73968,0,36,18,0
"('260_PHE', '265_ILE')",0.8062600000000001,0.8062600000000001,0.8062600000000001,0.8062600000000001,0.8062600000000001,0.8062600000000001,2.036088,2.036088,2.036088,2.036088,2.036088,2.036088,2.791627,2.791627,2.791627,2.791627,2.791627,2.791627,0.227687,0.227687,0.227687,0.227687,0.227687,0.227687,0.472027,0.472027,0.472027,0.472027,0.472027,0.472027,1.181067,1.181067,1.181067,1.181067,1.181067,1.181067,5.341919,5.341919,5.341919,5.341919,5.341919,5.341919,1.266779,1.266779,1.266779,1.266779,1.266779,1.266779,2.565977,2.565977,2.565977,2.565977,2.565977,2.565977,0,54,0,0
"('317_ILE', '364_GLU')",3.015813,3.015813,3.015813,3.015813,3.015813,3.015813,1.199747,1.199747,1.199747,1.199747,1.199747,1.199747,2.987967,2.987967,2.987967,2.987967,2.987967,2.987967,2.028768,2.028768,2.028768,2.028768,2.028768,2.028768,1.42151,1.42151,1.42151,1.42151,1.42151,1.42151,2.187375,2.187375,2.187375,2.187375,2.187375,2.187375,1.821798,1.821798,1.821798,1.821798,1.821798,1.821798,0.28713299999999997,0.28713299999999997,0.28713299999999997,0.28713299999999997,0.28713299999999997,0.28713299999999997,2.3049619999999997,2.3049619999999997,2.3049619999999997,2.3049619999999997,2.3049619999999997,2.3049619999999997,0,54,0,0
"('317_ILE', '365_VAL')",2.29345,2.29345,2.29345,2.29345,2.29345,2.29345,1.672345,1.672345,1.672345,1.672345,1.672345,1.672345,0.8801620000000001,0.8801620000000001,0.8801620000000001,0.8801620000000001,0.8801620000000001,0.8801620000000001,1.5178049999999998,1.5178049999999998,1.5178049999999998,1.5178049999999998,1.5178049999999998,1.5178049999999998,1.2268139999999998,1.2268139999999998,1.2268139999999998,1.2268139999999998,1.2268139999999998,1.2268139999999998,1.509763,1.509763,1.509763,1.509763,1.509763,1.509763,0.254992,0.254992,0.254992,0.254992,0.254992,0.254992,3.505127,3.505127,3.505127,3.505127,3.505127,3.505127,1.2073120000000002,1.2073120000000002,1.2073120000000002,1.2073120000000002,1.2073120000000002,1.2073120000000002,0,54,0,0
"('320_ASN', '360_LEU')",4.674246,4.674246,4.674246,4.674246,4.674246,4.674246,5.890629,5.890629,5.890629,5.890629,5.890629,5.890629,6.564908999999999,6.564908999999999,6.564908999999999,6.564908999999999,6.564908999999999,6.564908999999999,3.2129529999999997,3.2129529999999997,3.2129529999999997,3.2129529999999997,3.2129529999999997,3.2129529999999997,2.993138,2.993138,2.993138,2.993138,2.993138,2.993138,9.284032,9.284032,9.284032,9.284032,9.284032,9.284032,3.5962389999999997,3.5962389999999997,3.5962389999999997,3.5962389999999997,3.5962389999999997,3.5962389999999997,9.807125,9.807125,9.807125,9.807125,9.807125,9.807125,6.581478999999999,6.581478999999999,6.581478999999999,6.581478999999999,6.581478999999999,6.581478999999999,0,54,0,0
"('324_PHE', '356_LEU')",2.328593,2.328593,2.328593,2.328593,2.328593,2.328593,1.947096,1.947096,1.947096,1.947096,1.947096,1.947096,2.745919,2.745919,2.745919,2.745919,2.745919,2.745919,2.855021,2.855021,2.855021,2.855021,2.855021,2.855021,3.653789,3.653789,3.653789,3.653789,3.653789,3.653789,3.261069,3.261069,3.261069,3.261069,3.261069,3.261069,3.3798410000000003,3.3798410000000003,3.3798410000000003,3.3798410000000003,3.3798410000000003,3.3798410000000003,2.583389,2.583389,2.583389,2.583389,2.583389,2.583389,1.292093,1.292093,1.292093,1.292093,1.292093,1.292093,0,54,0,0
"('324_PHE', '360_LEU')",2.3094,2.3094,2.3094,2.3094,2.3094,2.3094,2.085675,2.085675,2.085675,2.085675,2.085675,2.085675,2.467483,2.467483,2.467483,2.467483,2.467483,2.467483,1.682436,1.682436,1.682436,1.682436,1.682436,1.682436,1.829906,1.829906,1.829906,1.829906,1.829906,1.829906,1.912932,1.912932,1.912932,1.912932,1.912932,1.912932,1.9443,1.9443,1.9443,1.9443,1.9443,1.9443,0.364713,0.364713,0.364713,0.364713,0.364713,0.364713,1.074742,1.074742,1.074742,1.074742,1.074742,1.074742,0,54,0,0
"('324_PHE', '362_THR')",3.299982,3.299982,3.299982,3.299982,3.299982,3.299982,3.595155,3.595155,3.595155,3.595155,3.595155,3.595155,2.587832,2.587832,2.587832,2.587832,2.587832,2.587832,4.670188,4.670188,4.670188,4.670188,4.670188,4.670188,3.56569,3.56569,3.56569,3.56569,3.56569,3.56569,4.743762,4.743762,4.743762,4.743762,4.743762,4.743762,5.605942,5.605942,5.605942,5.605942,5.605942,5.605942,3.99547,3.99547,3.99547,3.99547,3.99547,3.99547,3.710099,3.710099,3.710099,3.710099,3.710099,3.710099,0,54,0,0
"('327_VAL', '356_LEU')",1.674538,1.674538,1.674538,1.674538,1.674538,1.674538,0.502423,0.502423,0.502423,0.502423,0.502423,0.502423,0.856881,0.856881,0.856881,0.856881,0.856881,0.856881,0.709475,0.709475,0.709475,0.709475,0.709475,0.709475,1.058851,1.058851,1.058851,1.058851,1.058851,1.058851,0.930481,0.930481,0.930481,0.930481,0.930481,0.930481,1.2226,1.2226,1.2226,1.2226,1.2226,1.2226,0.6133,0.6133,0.6133,0.6133,0.6133,0.6133,0.43493,0.43493,0.43493,0.43493,0.43493,0.43493,0,54,0,0
"('328_ILE', '353_THR')",1.4702540000000002,1.4702540000000002,1.4702540000000002,1.4702540000000002,1.4702540000000002,1.4702540000000002,0.98362,0.98362,0.98362,0.98362,0.98362,0.98362,0.421588,0.421588,0.421588,0.421588,0.421588,0.421588,1.177322,1.177322,1.177322,1.177322,1.177322,1.177322,2.318923,2.318923,2.318923,2.318923,2.318923,2.318923,2.163118,2.163118,2.163118,2.163118,2.163118,2.163118,3.938048,3.938048,3.938048,3.938048,3.938048,3.938048,0.6591020000000001,0.6591020000000001,0.6591020000000001,0.6591020000000001,0.6591020000000001,0.6591020000000001,1.189003,1.189003,1.189003,1.189003,1.189003,1.189003,0,54,0,0
"('331_VAL', '352_SER')",1.689936,1.689936,1.689936,1.689936,1.689936,1.689936,0.279027,0.279027,0.279027,0.279027,0.279027,0.279027,0.779687,0.779687,0.779687,0.779687,0.779687,0.779687,0.756013,0.756013,0.756013,0.756013,0.756013,0.756013,1.4056,1.4056,1.4056,1.4056,1.4056,1.4056,1.524656,1.524656,1.524656,1.524656,1.524656,1.524656,0.823772,0.823772,0.823772,0.823772,0.823772,0.823772,0.417177,0.417177,0.417177,0.417177,0.417177,0.417177,0.29002100000000003,0.29002100000000003,0.29002100000000003,0.29002100000000003,0.29002100000000003,0.29002100000000003,0,54,0,0
"('332_VAL', '349_LEU')",1.442163,1.442163,1.442163,1.442163,1.442163,1.442163,0.63026,0.63026,0.63026,0.63026,0.63026,0.63026,1.461819,1.461819,1.461819,1.461819,1.461819,1.461819,1.4988629999999998,1.4988629999999998,1.4988629999999998,1.4988629999999998,1.4988629999999998,1.4988629999999998,1.419917,1.419917,1.419917,1.419917,1.419917,1.419917,1.759473,1.759473,1.759473,1.759473,1.759473,1.759473,1.057311,1.057311,1.057311,1.057311,1.057311,1.057311,1.183172,1.183172,1.183172,1.183172,1.183172,1.183172,1.512176,1.512176,1.512176,1.512176,1.512176,1.512176,0,54,0,0
"('335_LEU', '345_ILE')",2.524888,2.524888,2.524888,2.524888,2.524888,2.524888,1.022892,1.022892,1.022892,1.022892,1.022892,1.022892,3.39842,3.39842,3.39842,3.39842,3.39842,3.39842,2.506207,2.506207,2.506207,2.506207,2.506207,2.506207,1.633675,1.633675,1.633675,1.633675,1.633675,1.633675,2.548459,2.548459,2.548459,2.548459,2.548459,2.548459,0.6229359999999999,0.6229359999999999,0.6229359999999999,0.6229359999999999,0.6229359999999999,0.6229359999999999,2.358434,2.358434,2.358434,2.358434,2.358434,2.358434,4.375051999999998,4.375051999999998,4.375051999999998,4.375051999999998,4.375051999999998,4.375051999999998,0,54,0,0
"('356_LEU', '402_TYR')",-1.3685129999999999,-1.6637609999999998,-1.8197919999999999,-1.6917829999999998,-0.437179,-1.6476999999999997,-1.552034,-1.8472819999999999,-2.003313,-1.8753039999999999,-0.6207,-1.8312209999999998,-1.4638689999999999,-1.7591169999999998,-1.9151479999999999,-1.7871389999999998,-0.532535,-1.7430559999999997,-1.3572559999999998,-1.6525039999999998,-1.8085349999999998,-1.6805259999999997,-0.4259219999999999,-1.6364429999999996,-1.242815,-1.538063,-1.694094,-1.566085,-0.3114810000000001,-1.5220019999999999,-1.6754259999999999,-1.9706739999999998,-2.126705,-1.9986959999999998,-0.7440920000000001,-1.9546129999999997,-1.7095069999999999,-2.004755,-2.160786,-2.032777,-0.778173,-1.9886939999999997,-2.467984,-2.763232,-2.919263,-2.791254,-1.53665,-2.747171,-1.863759,-2.159007,-2.315038,-2.187029,-0.9324250000000001,-2.142946,6,0,48,0
"('357_ILE', '362_THR')",2.226175,2.572946,2.545553,2.5219110000000002,2.707747,2.336646,4.378788999999999,4.72556,4.698167,4.674525,4.860361,4.48926,4.616921,4.963692,4.936299,4.912657,5.098493,4.727392,5.884221,6.230992,6.203599,6.179957,6.365793,5.994692,5.190128,5.536899,5.509506,5.485864,5.6717,5.300599,1.5153310000000002,1.8621020000000001,1.8347090000000001,1.8110670000000002,1.9969030000000003,1.6258020000000002,2.464348,2.811119,2.783726,2.760084,2.94592,2.574819,2.786662,3.133433,3.10604,3.0823980000000004,3.268234,2.897133,2.1083220000000003,2.455093,2.4277,2.404058,2.589894,2.2187930000000002,0,0,54,0
"('358_PRO', '394_GLN')",4.737918,4.737918,4.737918,4.737918,4.737918,4.737918,3.44783,3.44783,3.44783,3.44783,3.44783,3.44783,2.525747,2.525747,2.525747,2.525747,2.525747,2.525747,2.961418,2.961418,2.961418,2.961418,2.961418,2.961418,5.410381,5.410381,5.410381,5.410381,5.410381,5.410381,3.5181129999999996,3.5181129999999996,3.5181129999999996,3.5181129999999996,3.5181129999999996,3.5181129999999996,4.1617989999999985,4.1617989999999985,4.1617989999999985,4.1617989999999985,4.1617989999999985,4.1617989999999985,3.195753,3.195753,3.195753,3.195753,3.195753,3.195753,2.530277,2.530277,2.530277,2.530277,2.530277,2.530277,0,54,0,0
"('358_PRO', '397_MET')",2.054401,2.054401,2.054401,2.054401,2.054401,2.054401,1.177233,1.177233,1.177233,1.177233,1.177233,1.177233,0.453458,0.453458,0.453458,0.453458,0.453458,0.453458,2.093101,2.093101,2.093101,2.093101,2.093101,2.093101,0.940197,0.940197,0.940197,0.940197,0.940197,0.940197,1.001743,1.001743,1.001743,1.001743,1.001743,1.001743,2.31457,2.31457,2.31457,2.31457,2.31457,2.31457,0.709843,0.709843,0.709843,0.709843,0.709843,0.709843,0.368552,0.368552,0.368552,0.368552,0.368552,0.368552,0,54,0,0
"('358_PRO', '398_VAL')",3.069648,3.069648,3.069648,3.069648,3.069648,3.069648,2.243725,2.243725,2.243725,2.243725,2.243725,2.243725,3.105321,3.105321,3.105321,3.105321,3.105321,3.105321,2.272081,2.272081,2.272081,2.272081,2.272081,2.272081,2.733588,2.733588,2.733588,2.733588,2.733588,2.733588,2.193289,2.193289,2.193289,2.193289,2.193289,2.193289,2.816997,2.816997,2.816997,2.816997,2.816997,2.816997,2.473639,2.473639,2.473639,2.473639,2.473639,2.473639,1.750112,1.750112,1.750112,1.750112,1.750112,1.750112,0,54,0,0
"('359_LEU', '402_TYR')",3.71337,3.71337,3.71337,3.71337,3.71337,3.71337,3.246165,3.246165,3.246165,3.246165,3.246165,3.246165,8.165414,8.165414,8.165414,8.165414,8.165414,8.165414,8.406663,8.406663,8.406663,8.406663,8.406663,8.406663,8.812773,8.812773,8.812773,8.812773,8.812773,8.812773,9.122033,9.122033,9.122033,9.122033,9.122033,9.122033,9.312103,9.312103,9.312103,9.312103,9.312103,9.312103,0.950532,0.950532,0.950532,0.950532,0.950532,0.950532,6.9437380000000015,6.9437380000000015,6.9437380000000015,6.9437380000000015,6.9437380000000015,6.9437380000000015,0,54,0,0
"('360_LEU', '394_GLN')",-4.085134999999998,-0.474314,-2.7886179999999996,-3.483783,-3.037465,-0.408616,-4.2282769999999985,-0.617456,-2.9317599999999997,-3.626925,-3.180607,-0.551758,-4.2282769999999985,-0.617456,-2.9317599999999997,-3.626925,-3.180607,-0.551758,-4.2282769999999985,-0.617456,-2.9317599999999997,-3.626925,-3.180607,-0.551758,-4.2282769999999985,-0.617456,-2.9317599999999997,-3.626925,-3.180607,-0.551758,-4.2282769999999985,-0.617456,-2.9317599999999997,-3.626925,-3.180607,-0.551758,-4.2282769999999985,-0.617456,-2.9317599999999997,-3.626925,-3.180607,-0.551758,-4.2282769999999985,-0.617456,-2.9317599999999997,-3.626925,-3.180607,-0.551758,-4.2282769999999985,-0.617456,-2.9317599999999997,-3.626925,-3.180607,-0.551758,48,0,6,0
"('361_GLY', '394_GLN')",1.937194,1.937194,1.937194,1.937194,1.937194,1.937194,1.166195,1.166195,1.166195,1.166195,1.166195,1.166195,1.235069,1.235069,1.235069,1.235069,1.235069,1.235069,1.594465,1.594465,1.594465,1.594465,1.594465,1.594465,1.9696240000000005,1.9696240000000005,1.9696240000000005,1.9696240000000005,1.9696240000000005,1.9696240000000005,1.865712,1.865712,1.865712,1.865712,1.865712,1.865712,1.264214,1.264214,1.264214,1.264214,1.264214,1.264214,0.370836,0.370836,0.370836,0.370836,0.370836,0.370836,1.762482,1.762482,1.762482,1.762482,1.762482,1.762482,0,54,0,0
"('363_HIS', '364_GLU')",3.1429679999999998,3.607093,3.607093,3.607093,3.2334959999999997,3.607093,3.751436,4.215561,4.215561,4.215561,3.841964,4.215561,3.525353,3.989478,3.989478,3.989478,3.615881,3.989478,3.791219,4.255344,4.255344,4.255344,3.881747,4.255344,4.671661,5.135786,5.135786,5.135786,4.762189,5.135786,3.7832290000000004,4.2473540000000005,4.2473540000000005,4.2473540000000005,3.8737570000000003,4.2473540000000005,3.2098169999999997,3.673942,3.673942,3.673942,3.3003449999999996,3.673942,4.749615,5.2137400000000005,5.2137400000000005,5.2137400000000005,4.840143,5.2137400000000005,2.974961,3.439086,3.439086,3.439086,3.065489,3.439086,0,36,18,0
"('363_HIS', '394_GLN')",2.550135,2.550135,2.550135,2.550135,2.550135,2.550135,5.3738529999999995,5.3738529999999995,5.3738529999999995,5.3738529999999995,5.3738529999999995,5.3738529999999995,6.772494999999998,6.772494999999998,6.772494999999998,6.772494999999998,6.772494999999998,6.772494999999998,7.3736169999999985,7.3736169999999985,7.3736169999999985,7.3736169999999985,7.3736169999999985,7.3736169999999985,5.511664,5.511664,5.511664,5.511664,5.511664,5.511664,3.5108650000000003,3.5108650000000003,3.5108650000000003,3.5108650000000003,3.5108650000000003,3.5108650000000003,4.089682,4.089682,4.089682,4.089682,4.089682,4.089682,2.020391,2.020391,2.020391,2.020391,2.020391,2.020391,4.463645,4.463645,4.463645,4.463645,4.463645,4.463645,0,54,0,0
"('366_ILE', '367_PHE')",-3.864302,-1.159037,-0.9637030000000002,-0.7069260000000002,-0.7969589999999998,-0.98495,-5.888203,-3.182938,-2.987604,-2.730827,-2.8208599999999997,-3.008851,-5.888203,-3.182938,-2.987604,-2.730827,-2.8208599999999997,-3.008851,-5.888203,-3.182938,-2.987604,-2.730827,-2.8208599999999997,-3.008851,-4.3734649999999995,-1.6682000000000001,-1.4728660000000002,-1.2160890000000002,-1.3061219999999998,-1.494113,-5.1473059999999995,-2.442041,-2.2467070000000002,-1.9899300000000002,-2.079963,-2.267954,-5.841257,-3.135992,-2.940658,-2.683881,-2.7739139999999995,-2.961905,-5.806639,-3.101374,-2.90604,-2.649263,-2.7392959999999995,-2.9272869999999998,-5.888203,-3.182938,-2.987604,-2.730827,-2.8208599999999997,-3.008851,24,0,30,0
"('367_PHE', '387_GLU')",5.177053,5.273,5.273,5.273,5.273,5.273,2.439533,2.5354799999999997,2.5354799999999997,2.5354799999999997,2.5354799999999997,2.5354799999999997,6.4959750000000005,6.591922,6.591922,6.591922,6.591922,6.591922,7.326469,7.422416,7.422416,7.422416,7.422416,7.422416,1.850763,1.94671,1.94671,1.94671,1.94671,1.94671,7.4254050000000005,7.521352,7.521352,7.521352,7.521352,7.521352,1.724627,1.820574,1.820574,1.820574,1.820574,1.820574,9.121896999999999,9.217844,9.217844,9.217844,9.217844,9.217844,4.192529,4.288476,4.288476,4.288476,4.288476,4.288476,0,45,9,0
"('417_TRP', '421_ARG')",6.7524039999999985,6.7524039999999985,6.7524039999999985,6.7524039999999985,6.7524039999999985,6.7524039999999985,0.425379,0.425379,0.425379,0.425379,0.425379,0.425379,1.729971,1.729971,1.729971,1.729971,1.729971,1.729971,4.786336,4.786336,4.786336,4.786336,4.786336,4.786336,6.982335000000001,6.982335000000001,6.982335000000001,6.982335000000001,6.982335000000001,6.982335000000001,4.211201,4.211201,4.211201,4.211201,4.211201,4.211201,9.769766,9.769766,9.769766,9.769766,9.769766,9.769766,1.839538,1.839538,1.839538,1.839538,1.839538,1.839538,7.1062020000000015,7.1062020000000015,7.1062020000000015,7.1062020000000015,7.1062020000000015,7.1062020000000015,0,54,0,0
"('156_PHE', '160_VAL')",-2.173439,-1.828612,-1.607289,-2.0103169999999997,-2.83335,-1.737248,-2.173439,-1.828612,-1.607289,-2.0103169999999997,-2.83335,-1.737248,-1.0402180000000003,-0.6953910000000001,-0.47406800000000016,-0.8770959999999999,-1.700129,-0.6040270000000001,-0.9300090000000001,-0.5851819999999999,-0.36385899999999993,-0.7668869999999997,-1.5899199999999998,-0.49381799999999987,-1.127898,-0.7830709999999999,-0.5617479999999999,-0.9647759999999996,-1.7878089999999998,-0.6917069999999998,-2.173439,-1.828612,-1.607289,-2.0103169999999997,-2.83335,-1.737248,-1.297838,-0.9530109999999998,-0.7316879999999999,-1.1347159999999996,-1.9577489999999997,-0.8616469999999998,-1.697438,-1.352611,-1.131288,-1.5343159999999996,-2.3573489999999997,-1.261247,-1.1275140000000001,-0.7826869999999999,-0.561364,-0.9643919999999997,-1.7874249999999998,-0.6913229999999999,18,0,36,0
"('335_LEU', '340_MET')",-3.316143,-3.221955,-2.37004,-3.39149,-3.417521,-3.0456950000000003,-3.316143,-3.221955,-2.37004,-3.39149,-3.417521,-3.0456950000000003,-2.889649,-2.795461,-1.943546,-2.964996,-2.991027,-2.6192010000000003,-3.316143,-3.221955,-2.37004,-3.39149,-3.417521,-3.0456950000000003,-3.316143,-3.221955,-2.37004,-3.39149,-3.417521,-3.0456950000000003,-3.316143,-3.221955,-2.37004,-3.39149,-3.417521,-3.0456950000000003,-2.9620179999999996,-2.8678299999999997,-2.0159149999999997,-3.0373650000000003,-3.063396,-2.6915700000000005,-3.316143,-3.221955,-2.37004,-3.39149,-3.417521,-3.0456950000000003,-3.316143,-3.221955,-2.37004,-3.39149,-3.417521,-3.0456950000000003,42,0,12,0
"('247_GLU', '402_TYR')",-6.810109,-7.873943,-5.269436,-6.768263,-6.669888,-6.626952,-6.810109,-7.873943,-5.269436,-6.768263,-6.669888,-6.626952,-6.810109,-7.873943,-5.269436,-6.768263,-6.669888,-6.626952,-6.810109,-7.873943,-5.269436,-6.768263,-6.669888,-6.626952,-6.810109,-7.873943,-5.269436,-6.768263,-6.669888,-6.626952,-6.810109,-7.873943,-5.269436,-6.768263,-6.669888,-6.626952,-6.810109,-7.873943,-5.269436,-6.768263,-6.669888,-6.626952,-6.623968,-7.687802,-5.083295,-6.582122,-6.483747,-6.440811,-6.810109,-7.873943,-5.269436,-6.768263,-6.669888,-6.626952,48,0,6,0
"('176_ARG', '349_LEU')",-0.5198550000000001,-2.258888,-1.513763,-1.966361,-2.349345,-1.961414,-0.5198550000000001,-2.258888,-1.513763,-1.966361,-2.349345,-1.961414,-0.5198550000000001,-2.258888,-1.513763,-1.966361,-2.349345,-1.961414,-0.5198550000000001,-2.258888,-1.513763,-1.966361,-2.349345,-1.961414,-0.5198550000000001,-2.258888,-1.513763,-1.966361,-2.349345,-1.961414,-0.5198550000000001,-2.258888,-1.513763,-1.966361,-2.349345,-1.961414,-0.5198550000000001,-2.258888,-1.513763,-1.966361,-2.349345,-1.961414,-0.5198550000000001,-2.258888,-1.513763,-1.966361,-2.349345,-1.961414,-0.5198550000000001,-2.258888,-1.513763,-1.966361,-2.349345,-1.961414,54,0,0,0
"('180_HIS', '349_LEU')",-0.545195,-1.119521,-0.8663200000000001,-1.03501,-2.5209479999999997,-1.240825,-0.545195,-1.119521,-0.8663200000000001,-1.03501,-2.5209479999999997,-1.240825,-0.545195,-1.119521,-0.8663200000000001,-1.03501,-2.5209479999999997,-1.240825,-0.545195,-1.119521,-0.8663200000000001,-1.03501,-2.5209479999999997,-1.240825,-0.545195,-1.119521,-0.8663200000000001,-1.03501,-2.5209479999999997,-1.240825,-0.545195,-1.119521,-0.8663200000000001,-1.03501,-2.5209479999999997,-1.240825,-0.545195,-1.119521,-0.8663200000000001,-1.03501,-2.5209479999999997,-1.240825,-0.545195,-1.119521,-0.8663200000000001,-1.03501,-2.5209479999999997,-1.240825,-0.545195,-1.119521,-0.8663200000000001,-1.03501,-2.5209479999999997,-1.240825,54,0,0,0
"('183_LEU', '402_TYR')",-1.133128,-1.163986,-1.319003,-1.420696,-1.104483,-1.210806,-1.133128,-1.163986,-1.319003,-1.420696,-1.104483,-1.210806,-1.133128,-1.163986,-1.319003,-1.420696,-1.104483,-1.210806,-1.133128,-1.163986,-1.319003,-1.420696,-1.104483,-1.210806,-1.133128,-1.163986,-1.319003,-1.420696,-1.104483,-1.210806,-1.133128,-1.163986,-1.319003,-1.420696,-1.104483,-1.210806,-1.133128,-1.163986,-1.319003,-1.420696,-1.104483,-1.210806,-1.133128,-1.163986,-1.319003,-1.420696,-1.104483,-1.210806,-1.133128,-1.163986,-1.319003,-1.420696,-1.104483,-1.210806,54,0,0,0
"('187_PHE', '360_LEU')",-0.4818439999999999,-0.636312,-0.5013340000000001,-0.620373,-0.391859,-0.65952,-0.4818439999999999,-0.636312,-0.5013340000000001,-0.620373,-0.391859,-0.65952,-0.4818439999999999,-0.636312,-0.5013340000000001,-0.620373,-0.391859,-0.65952,-0.4818439999999999,-0.636312,-0.5013340000000001,-0.620373,-0.391859,-0.65952,-0.4818439999999999,-0.636312,-0.5013340000000001,-0.620373,-0.391859,-0.65952,-0.4818439999999999,-0.636312,-0.5013340000000001,-0.620373,-0.391859,-0.65952,-0.4818439999999999,-0.636312,-0.5013340000000001,-0.620373,-0.391859,-0.65952,-0.4818439999999999,-0.636312,-0.5013340000000001,-0.620373,-0.391859,-0.65952,-0.4818439999999999,-0.636312,-0.5013340000000001,-0.620373,-0.391859,-0.65952,54,0,0,0
"('190_ARG', '394_GLN')",-2.215143,-2.5912029999999997,-2.5271939999999997,-2.559263,-7.159538,-3.017937,-2.215143,-2.5912029999999997,-2.5271939999999997,-2.559263,-7.159538,-3.017937,-2.215143,-2.5912029999999997,-2.5271939999999997,-2.559263,-7.159538,-3.017937,-2.215143,-2.5912029999999997,-2.5271939999999997,-2.559263,-7.159538,-3.017937,-2.215143,-2.5912029999999997,-2.5271939999999997,-2.559263,-7.159538,-3.017937,-2.215143,-2.5912029999999997,-2.5271939999999997,-2.559263,-7.159538,-3.017937,-2.215143,-2.5912029999999997,-2.5271939999999997,-2.559263,-7.159538,-3.017937,-2.215143,-2.5912029999999997,-2.5271939999999997,-2.559263,-7.159538,-3.017937,-2.215143,-2.5912029999999997,-2.5271939999999997,-2.559263,-7.159538,-3.017937,54,0,0,0
"('241_TYR', '317_CYS')",-0.6431680000000001,-1.206679,-1.042251,-1.235812,-1.43162,-1.466375,-0.6431680000000001,-1.206679,-1.042251,-1.235812,-1.43162,-1.466375,-0.6431680000000001,-1.206679,-1.042251,-1.235812,-1.43162,-1.466375,-0.6431680000000001,-1.206679,-1.042251,-1.235812,-1.43162,-1.466375,-0.6431680000000001,-1.206679,-1.042251,-1.235812,-1.43162,-1.466375,-0.6431680000000001,-1.206679,-1.042251,-1.235812,-1.43162,-1.466375,-0.6431680000000001,-1.206679,-1.042251,-1.235812,-1.43162,-1.466375,-0.6431680000000001,-1.206679,-1.042251,-1.235812,-1.43162,-1.466375,-0.6431680000000001,-1.206679,-1.042251,-1.235812,-1.43162,-1.466375,54,0,0,0
"('241_TYR', '360_LEU')",-3.574835,-3.787853,-3.513669,-3.494872,-3.961609,-3.298226,-3.574835,-3.787853,-3.513669,-3.494872,-3.961609,-3.298226,-3.574835,-3.787853,-3.513669,-3.494872,-3.961609,-3.298226,-3.574835,-3.787853,-3.513669,-3.494872,-3.961609,-3.298226,-3.574835,-3.787853,-3.513669,-3.494872,-3.961609,-3.298226,-3.574835,-3.787853,-3.513669,-3.494872,-3.961609,-3.298226,-3.574835,-3.787853,-3.513669,-3.494872,-3.961609,-3.298226,-3.574835,-3.787853,-3.513669,-3.494872,-3.961609,-3.298226,-3.574835,-3.787853,-3.513669,-3.494872,-3.961609,-3.298226,54,0,0,0
"('241_TYR', '361_CYS')",-0.8255299999999999,-1.242262,-1.311574,-1.407722,-1.654811,-1.860807,-0.8255299999999999,-1.242262,-1.311574,-1.407722,-1.654811,-1.860807,-0.8255299999999999,-1.242262,-1.311574,-1.407722,-1.654811,-1.860807,-0.8255299999999999,-1.242262,-1.311574,-1.407722,-1.654811,-1.860807,-0.8255299999999999,-1.242262,-1.311574,-1.407722,-1.654811,-1.860807,-0.8255299999999999,-1.242262,-1.311574,-1.407722,-1.654811,-1.860807,-0.8255299999999999,-1.242262,-1.311574,-1.407722,-1.654811,-1.860807,-0.8255299999999999,-1.242262,-1.311574,-1.407722,-1.654811,-1.860807,-0.8255299999999999,-1.242262,-1.311574,-1.407722,-1.654811,-1.860807,54,0,0,0
"('244_LEU', '356_LEU')",-1.05652,-1.101526,-0.374877,-0.472565,-1.019034,-0.525293,-1.05652,-1.101526,-0.374877,-0.472565,-1.019034,-0.525293,-1.05652,-1.101526,-0.374877,-0.472565,-1.019034,-0.525293,-1.05652,-1.101526,-0.374877,-0.472565,-1.019034,-0.525293,-1.05652,-1.101526,-0.374877,-0.472565,-1.019034,-0.525293,-1.05652,-1.101526,-0.374877,-0.472565,-1.019034,-0.525293,-1.05652,-1.101526,-0.374877,-0.472565,-1.019034,-0.525293,-1.05652,-1.101526,-0.374877,-0.472565,-1.019034,-0.525293,-1.05652,-1.101526,-0.374877,-0.472565,-1.019034,-0.525293,54,0,0,0
"('244_LEU', '357_ILE')",-0.884553,-0.503201,-0.288271,-0.5821069999999999,-1.501625,-0.5972529999999999,-0.884553,-0.503201,-0.288271,-0.5821069999999999,-1.501625,-0.5972529999999999,-0.884553,-0.503201,-0.288271,-0.5821069999999999,-1.501625,-0.5972529999999999,-0.884553,-0.503201,-0.288271,-0.5821069999999999,-1.501625,-0.5972529999999999,-0.884553,-0.503201,-0.288271,-0.5821069999999999,-1.501625,-0.5972529999999999,-0.884553,-0.503201,-0.288271,-0.5821069999999999,-1.501625,-0.5972529999999999,-0.884553,-0.503201,-0.288271,-0.5821069999999999,-1.501625,-0.5972529999999999,-0.884553,-0.503201,-0.288271,-0.5821069999999999,-1.501625,-0.5972529999999999,-0.884553,-0.503201,-0.288271,-0.5821069999999999,-1.501625,-0.5972529999999999,54,0,0,0
"('247_GLU', '353_THR')",-1.183172,-1.884626,-0.910771,-1.461711,-0.931329,-2.135694,-1.183172,-1.884626,-0.910771,-1.461711,-0.931329,-2.135694,-1.183172,-1.884626,-0.910771,-1.461711,-0.931329,-2.135694,-1.183172,-1.884626,-0.910771,-1.461711,-0.931329,-2.135694,-1.183172,-1.884626,-0.910771,-1.461711,-0.931329,-2.135694,-1.183172,-1.884626,-0.910771,-1.461711,-0.931329,-2.135694,-1.183172,-1.884626,-0.910771,-1.461711,-0.931329,-2.135694,-1.183172,-1.884626,-0.910771,-1.461711,-0.931329,-2.135694,-1.183172,-1.884626,-0.910771,-1.461711,-0.931329,-2.135694,54,0,0,0
"('248_GLY', '353_THR')",-0.383294,-0.5380159999999999,-0.370056,-0.33972600000000003,-0.807091,-0.762641,-0.383294,-0.5380159999999999,-0.370056,-0.33972600000000003,-0.807091,-0.762641,-0.383294,-0.5380159999999999,-0.370056,-0.33972600000000003,-0.807091,-0.762641,-0.383294,-0.5380159999999999,-0.370056,-0.33972600000000003,-0.807091,-0.762641,-0.383294,-0.5380159999999999,-0.370056,-0.33972600000000003,-0.807091,-0.762641,-0.383294,-0.5380159999999999,-0.370056,-0.33972600000000003,-0.807091,-0.762641,-0.383294,-0.5380159999999999,-0.370056,-0.33972600000000003,-0.807091,-0.762641,-0.383294,-0.5380159999999999,-0.370056,-0.33972600000000003,-0.807091,-0.762641,-0.383294,-0.5380159999999999,-0.370056,-0.33972600000000003,-0.807091,-0.762641,54,0,0,0
"('250_TYR', '349_LEU')",-0.683038,-0.994579,-0.64732,-0.745868,-0.459862,-0.8882,-0.683038,-0.994579,-0.64732,-0.745868,-0.459862,-0.8882,-0.683038,-0.994579,-0.64732,-0.745868,-0.459862,-0.8882,-0.683038,-0.994579,-0.64732,-0.745868,-0.459862,-0.8882,-0.683038,-0.994579,-0.64732,-0.745868,-0.459862,-0.8882,-0.683038,-0.994579,-0.64732,-0.745868,-0.459862,-0.8882,-0.683038,-0.994579,-0.64732,-0.745868,-0.459862,-0.8882,-0.683038,-0.994579,-0.64732,-0.745868,-0.459862,-0.8882,-0.683038,-0.994579,-0.64732,-0.745868,-0.459862,-0.8882,54,0,0,0
"('251_LEU', '346_ALA')",-0.615672,-0.613691,-0.5567380000000001,-0.60418,-0.541787,-0.599485,-0.615672,-0.613691,-0.5567380000000001,-0.60418,-0.541787,-0.599485,-0.615672,-0.613691,-0.5567380000000001,-0.60418,-0.541787,-0.599485,-0.615672,-0.613691,-0.5567380000000001,-0.60418,-0.541787,-0.599485,-0.615672,-0.613691,-0.5567380000000001,-0.60418,-0.541787,-0.599485,-0.615672,-0.613691,-0.5567380000000001,-0.60418,-0.541787,-0.599485,-0.615672,-0.613691,-0.5567380000000001,-0.60418,-0.541787,-0.599485,-0.615672,-0.613691,-0.5567380000000001,-0.60418,-0.541787,-0.599485,-0.615672,-0.613691,-0.5567380000000001,-0.60418,-0.541787,-0.599485,54,0,0,0
"('251_LEU', '349_LEU')",-2.936412,-1.353006,-1.51834,-1.689143,-2.655539,-1.789654,-2.936412,-1.353006,-1.51834,-1.689143,-2.655539,-1.789654,-2.936412,-1.353006,-1.51834,-1.689143,-2.655539,-1.789654,-2.936412,-1.353006,-1.51834,-1.689143,-2.655539,-1.789654,-2.936412,-1.353006,-1.51834,-1.689143,-2.655539,-1.789654,-2.936412,-1.353006,-1.51834,-1.689143,-2.655539,-1.789654,-2.936412,-1.353006,-1.51834,-1.689143,-2.655539,-1.789654,-2.936412,-1.353006,-1.51834,-1.689143,-2.655539,-1.789654,-2.936412,-1.353006,-1.51834,-1.689143,-2.655539,-1.789654,54,0,0,0
"('251_LEU', '350_ALA')",-4.013573,-3.021522,-3.058932,-2.784836,-2.807013,-1.84934,-4.013573,-3.021522,-3.058932,-2.784836,-2.807013,-1.84934,-4.013573,-3.021522,-3.058932,-2.784836,-2.807013,-1.84934,-4.013573,-3.021522,-3.058932,-2.784836,-2.807013,-1.84934,-4.013573,-3.021522,-3.058932,-2.784836,-2.807013,-1.84934,-4.013573,-3.021522,-3.058932,-2.784836,-2.807013,-1.84934,-4.013573,-3.021522,-3.058932,-2.784836,-2.807013,-1.84934,-4.013573,-3.021522,-3.058932,-2.784836,-2.807013,-1.84934,-4.013573,-3.021522,-3.058932,-2.784836,-2.807013,-1.84934,54,0,0,0
"('251_LEU', '353_THR')",-1.681399,-1.480501,-0.903447,-1.311097,-1.883327,-1.290786,-1.681399,-1.480501,-0.903447,-1.311097,-1.883327,-1.290786,-1.681399,-1.480501,-0.903447,-1.311097,-1.883327,-1.290786,-1.681399,-1.480501,-0.903447,-1.311097,-1.883327,-1.290786,-1.681399,-1.480501,-0.903447,-1.311097,-1.883327,-1.290786,-1.681399,-1.480501,-0.903447,-1.311097,-1.883327,-1.290786,-1.681399,-1.480501,-0.903447,-1.311097,-1.883327,-1.290786,-1.681399,-1.480501,-0.903447,-1.311097,-1.883327,-1.290786,-1.681399,-1.480501,-0.903447,-1.311097,-1.883327,-1.290786,54,0,0,0
"('255_LEU', '331_VAL')",-0.717845,-0.758606,-0.258583,-0.637933,-1.021784,-0.458887,-0.717845,-0.758606,-0.258583,-0.637933,-1.021784,-0.458887,-0.717845,-0.758606,-0.258583,-0.637933,-1.021784,-0.458887,-0.717845,-0.758606,-0.258583,-0.637933,-1.021784,-0.458887,-0.717845,-0.758606,-0.258583,-0.637933,-1.021784,-0.458887,-0.717845,-0.758606,-0.258583,-0.637933,-1.021784,-0.458887,-0.717845,-0.758606,-0.258583,-0.637933,-1.021784,-0.458887,-0.717845,-0.758606,-0.258583,-0.637933,-1.021784,-0.458887,-0.717845,-0.758606,-0.258583,-0.637933,-1.021784,-0.458887,54,0,0,0
"('255_LEU', '340_MET')",-0.68383,-0.614785,-0.649672,-0.834018,-0.871258,-0.684996,-0.68383,-0.614785,-0.649672,-0.834018,-0.871258,-0.684996,-0.68383,-0.614785,-0.649672,-0.834018,-0.871258,-0.684996,-0.68383,-0.614785,-0.649672,-0.834018,-0.871258,-0.684996,-0.68383,-0.614785,-0.649672,-0.834018,-0.871258,-0.684996,-0.68383,-0.614785,-0.649672,-0.834018,-0.871258,-0.684996,-0.68383,-0.614785,-0.649672,-0.834018,-0.871258,-0.684996,-0.68383,-0.614785,-0.649672,-0.834018,-0.871258,-0.684996,-0.68383,-0.614785,-0.649672,-0.834018,-0.871258,-0.684996,54,0,0,0
"('255_LEU', '346_ALA')",-1.183959,-0.785459,-0.6178319999999999,-1.191147,-1.400591,-0.8206610000000001,-1.183959,-0.785459,-0.6178319999999999,-1.191147,-1.400591,-0.8206610000000001,-1.183959,-0.785459,-0.6178319999999999,-1.191147,-1.400591,-0.8206610000000001,-1.183959,-0.785459,-0.6178319999999999,-1.191147,-1.400591,-0.8206610000000001,-1.183959,-0.785459,-0.6178319999999999,-1.191147,-1.400591,-0.8206610000000001,-1.183959,-0.785459,-0.6178319999999999,-1.191147,-1.400591,-0.8206610000000001,-1.183959,-0.785459,-0.6178319999999999,-1.191147,-1.400591,-0.8206610000000001,-1.183959,-0.785459,-0.6178319999999999,-1.191147,-1.400591,-0.8206610000000001,-1.183959,-0.785459,-0.6178319999999999,-1.191147,-1.400591,-0.8206610000000001,54,0,0,0
"('314_LEU', '318_ILE')",-0.623749,-1.328516,-0.961179,-0.791121,-2.065984,-1.786268,-0.623749,-1.328516,-0.961179,-0.791121,-2.065984,-1.786268,-0.623749,-1.328516,-0.961179,-0.791121,-2.065984,-1.786268,-0.623749,-1.328516,-0.961179,-0.791121,-2.065984,-1.786268,-0.623749,-1.328516,-0.961179,-0.791121,-2.065984,-1.786268,-0.623749,-1.328516,-0.961179,-0.791121,-2.065984,-1.786268,-0.623749,-1.328516,-0.961179,-0.791121,-2.065984,-1.786268,-0.623749,-1.328516,-0.961179,-0.791121,-2.065984,-1.786268,-0.623749,-1.328516,-0.961179,-0.791121,-2.065984,-1.786268,54,0,0,0
"('314_LEU', '364_GLU')",-1.05595,-1.649702,-2.257751,-2.135817,-1.087064,-1.104943,-1.05595,-1.649702,-2.257751,-2.135817,-1.087064,-1.104943,-1.05595,-1.649702,-2.257751,-2.135817,-1.087064,-1.104943,-1.05595,-1.649702,-2.257751,-2.135817,-1.087064,-1.104943,-1.05595,-1.649702,-2.257751,-2.135817,-1.087064,-1.104943,-1.05595,-1.649702,-2.257751,-2.135817,-1.087064,-1.104943,-1.05595,-1.649702,-2.257751,-2.135817,-1.087064,-1.104943,-1.05595,-1.649702,-2.257751,-2.135817,-1.087064,-1.104943,-1.05595,-1.649702,-2.257751,-2.135817,-1.087064,-1.104943,54,0,0,0
"('317_CYS', '361_CYS')",-7.888224,-7.486756,-7.713259,-7.321778,-7.339386,-7.988974000000002,-7.888224,-7.486756,-7.713259,-7.321778,-7.339386,-7.988974000000002,-7.888224,-7.486756,-7.713259,-7.321778,-7.339386,-7.988974000000002,-7.888224,-7.486756,-7.713259,-7.321778,-7.339386,-7.988974000000002,-7.888224,-7.486756,-7.713259,-7.321778,-7.339386,-7.988974000000002,-7.888224,-7.486756,-7.713259,-7.321778,-7.339386,-7.988974000000002,-7.888224,-7.486756,-7.713259,-7.321778,-7.339386,-7.988974000000002,-7.888224,-7.486756,-7.713259,-7.321778,-7.339386,-7.988974000000002,-7.888224,-7.486756,-7.713259,-7.321778,-7.339386,-7.988974000000002,54,0,0,0
"('317_CYS', '364_GLU')",-0.914883,-0.788874,-0.5743560000000001,-0.89856,-1.206146,-0.887864,-0.914883,-0.788874,-0.5743560000000001,-0.89856,-1.206146,-0.887864,-0.914883,-0.788874,-0.5743560000000001,-0.89856,-1.206146,-0.887864,-0.914883,-0.788874,-0.5743560000000001,-0.89856,-1.206146,-0.887864,-0.914883,-0.788874,-0.5743560000000001,-0.89856,-1.206146,-0.887864,-0.914883,-0.788874,-0.5743560000000001,-0.89856,-1.206146,-0.887864,-0.914883,-0.788874,-0.5743560000000001,-0.89856,-1.206146,-0.887864,-0.914883,-0.788874,-0.5743560000000001,-0.89856,-1.206146,-0.887864,-0.914883,-0.788874,-0.5743560000000001,-0.89856,-1.206146,-0.887864,54,0,0,0
"('317_CYS', '365_VAL')",-0.537879,-0.495787,-0.478689,-0.522737,-1.7461099999999998,-0.472008,-0.537879,-0.495787,-0.478689,-0.522737,-1.7461099999999998,-0.472008,-0.537879,-0.495787,-0.478689,-0.522737,-1.7461099999999998,-0.472008,-0.537879,-0.495787,-0.478689,-0.522737,-1.7461099999999998,-0.472008,-0.537879,-0.495787,-0.478689,-0.522737,-1.7461099999999998,-0.472008,-0.537879,-0.495787,-0.478689,-0.522737,-1.7461099999999998,-0.472008,-0.537879,-0.495787,-0.478689,-0.522737,-1.7461099999999998,-0.472008,-0.537879,-0.495787,-0.478689,-0.522737,-1.7461099999999998,-0.472008,-0.537879,-0.495787,-0.478689,-0.522737,-1.7461099999999998,-0.472008,54,0,0,0
"('320_ASN', '357_ILE')",-2.825039,-3.651243,-3.4690230000000004,-3.4909199999999996,-0.306267,-3.4608529999999997,-2.825039,-3.651243,-3.4690230000000004,-3.4909199999999996,-0.306267,-3.4608529999999997,-2.825039,-3.651243,-3.4690230000000004,-3.4909199999999996,-0.306267,-3.4608529999999997,-2.825039,-3.651243,-3.4690230000000004,-3.4909199999999996,-0.306267,-3.4608529999999997,-2.825039,-3.651243,-3.4690230000000004,-3.4909199999999996,-0.306267,-3.4608529999999997,-2.825039,-3.651243,-3.4690230000000004,-3.4909199999999996,-0.306267,-3.4608529999999997,-2.825039,-3.651243,-3.4690230000000004,-3.4909199999999996,-0.306267,-3.4608529999999997,-2.825039,-3.651243,-3.4690230000000004,-3.4909199999999996,-0.306267,-3.4608529999999997,-2.825039,-3.651243,-3.4690230000000004,-3.4909199999999996,-0.306267,-3.4608529999999997,54,0,0,0
"('321_PHE', '357_ILE')",-2.397466,-1.402479,-0.5584279999999999,-1.327159,-1.255426,-1.281906,-2.397466,-1.402479,-0.5584279999999999,-1.327159,-1.255426,-1.281906,-2.397466,-1.402479,-0.5584279999999999,-1.327159,-1.255426,-1.281906,-2.397466,-1.402479,-0.5584279999999999,-1.327159,-1.255426,-1.281906,-2.397466,-1.402479,-0.5584279999999999,-1.327159,-1.255426,-1.281906,-2.397466,-1.402479,-0.5584279999999999,-1.327159,-1.255426,-1.281906,-2.397466,-1.402479,-0.5584279999999999,-1.327159,-1.255426,-1.281906,-2.397466,-1.402479,-0.5584279999999999,-1.327159,-1.255426,-1.281906,-2.397466,-1.402479,-0.5584279999999999,-1.327159,-1.255426,-1.281906,54,0,0,0
"('321_PHE', '358_PRO')",-3.4172550000000004,-2.7247209999999997,-1.727153,-2.741691,-3.630122,-2.72306,-3.4172550000000004,-2.7247209999999997,-1.727153,-2.741691,-3.630122,-2.72306,-3.4172550000000004,-2.7247209999999997,-1.727153,-2.741691,-3.630122,-2.72306,-3.4172550000000004,-2.7247209999999997,-1.727153,-2.741691,-3.630122,-2.72306,-3.4172550000000004,-2.7247209999999997,-1.727153,-2.741691,-3.630122,-2.72306,-3.4172550000000004,-2.7247209999999997,-1.727153,-2.741691,-3.630122,-2.72306,-3.4172550000000004,-2.7247209999999997,-1.727153,-2.741691,-3.630122,-2.72306,-3.4172550000000004,-2.7247209999999997,-1.727153,-2.741691,-3.630122,-2.72306,-3.4172550000000004,-2.7247209999999997,-1.727153,-2.741691,-3.630122,-2.72306,54,0,0,0
"('321_PHE', '361_CYS')",-3.22868,-4.258847,-3.165708,-3.961162,-4.400017,-3.812094,-3.22868,-4.258847,-3.165708,-3.961162,-4.400017,-3.812094,-3.22868,-4.258847,-3.165708,-3.961162,-4.400017,-3.812094,-3.22868,-4.258847,-3.165708,-3.961162,-4.400017,-3.812094,-3.22868,-4.258847,-3.165708,-3.961162,-4.400017,-3.812094,-3.22868,-4.258847,-3.165708,-3.961162,-4.400017,-3.812094,-3.22868,-4.258847,-3.165708,-3.961162,-4.400017,-3.812094,-3.22868,-4.258847,-3.165708,-3.961162,-4.400017,-3.812094,-3.22868,-4.258847,-3.165708,-3.961162,-4.400017,-3.812094,54,0,0,0
"('324_PHE', '354_LEU')",-8.430441,-7.605269,-6.116239,-6.741969,-7.0951369999999985,-7.0921389999999995,-8.430441,-7.605269,-6.116239,-6.741969,-7.0951369999999985,-7.0921389999999995,-8.430441,-7.605269,-6.116239,-6.741969,-7.0951369999999985,-7.0921389999999995,-8.430441,-7.605269,-6.116239,-6.741969,-7.0951369999999985,-7.0921389999999995,-8.430441,-7.605269,-6.116239,-6.741969,-7.0951369999999985,-7.0921389999999995,-8.430441,-7.605269,-6.116239,-6.741969,-7.0951369999999985,-7.0921389999999995,-8.430441,-7.605269,-6.116239,-6.741969,-7.0951369999999985,-7.0921389999999995,-8.430441,-7.605269,-6.116239,-6.741969,-7.0951369999999985,-7.0921389999999995,-8.430441,-7.605269,-6.116239,-6.741969,-7.0951369999999985,-7.0921389999999995,54,0,0,0
"('324_PHE', '358_PRO')",-4.219801,-2.189298,-2.166651,-2.159908,-2.566994,-2.86771,-4.219801,-2.189298,-2.166651,-2.159908,-2.566994,-2.86771,-4.219801,-2.189298,-2.166651,-2.159908,-2.566994,-2.86771,-4.219801,-2.189298,-2.166651,-2.159908,-2.566994,-2.86771,-4.219801,-2.189298,-2.166651,-2.159908,-2.566994,-2.86771,-4.219801,-2.189298,-2.166651,-2.159908,-2.566994,-2.86771,-4.219801,-2.189298,-2.166651,-2.159908,-2.566994,-2.86771,-4.219801,-2.189298,-2.166651,-2.159908,-2.566994,-2.86771,-4.219801,-2.189298,-2.166651,-2.159908,-2.566994,-2.86771,54,0,0,0
"('327_VAL', '354_LEU')",-1.619607,-1.853597,-1.545061,-1.600782,-2.084796,-1.774056,-1.619607,-1.853597,-1.545061,-1.600782,-2.084796,-1.774056,-1.619607,-1.853597,-1.545061,-1.600782,-2.084796,-1.774056,-1.619607,-1.853597,-1.545061,-1.600782,-2.084796,-1.774056,-1.619607,-1.853597,-1.545061,-1.600782,-2.084796,-1.774056,-1.619607,-1.853597,-1.545061,-1.600782,-2.084796,-1.774056,-1.619607,-1.853597,-1.545061,-1.600782,-2.084796,-1.774056,-1.619607,-1.853597,-1.545061,-1.600782,-2.084796,-1.774056,-1.619607,-1.853597,-1.545061,-1.600782,-2.084796,-1.774056,54,0,0,0
"('328_ILE', '354_LEU')",-1.102564,-1.253232,-0.730107,-2.052614,-1.24734,-0.814297,-1.102564,-1.253232,-0.730107,-2.052614,-1.24734,-0.814297,-1.102564,-1.253232,-0.730107,-2.052614,-1.24734,-0.814297,-1.102564,-1.253232,-0.730107,-2.052614,-1.24734,-0.814297,-1.102564,-1.253232,-0.730107,-2.052614,-1.24734,-0.814297,-1.102564,-1.253232,-0.730107,-2.052614,-1.24734,-0.814297,-1.102564,-1.253232,-0.730107,-2.052614,-1.24734,-0.814297,-1.102564,-1.253232,-0.730107,-2.052614,-1.24734,-0.814297,-1.102564,-1.253232,-0.730107,-2.052614,-1.24734,-0.814297,54,0,0,0
"('331_VAL', '347_PHE')",-0.866504,-1.197671,-0.841749,-1.252349,-1.369049,-1.356965,-0.866504,-1.197671,-0.841749,-1.252349,-1.369049,-1.356965,-0.866504,-1.197671,-0.841749,-1.252349,-1.369049,-1.356965,-0.866504,-1.197671,-0.841749,-1.252349,-1.369049,-1.356965,-0.866504,-1.197671,-0.841749,-1.252349,-1.369049,-1.356965,-0.866504,-1.197671,-0.841749,-1.252349,-1.369049,-1.356965,-0.866504,-1.197671,-0.841749,-1.252349,-1.369049,-1.356965,-0.866504,-1.197671,-0.841749,-1.252349,-1.369049,-1.356965,-0.866504,-1.197671,-0.841749,-1.252349,-1.369049,-1.356965,54,0,0,0
"('334_LYS', '339_LEU')",-8.739608,-5.833607,-5.8650839999999995,-6.3388550000000015,-3.185595,-5.330147,-8.739608,-5.833607,-5.8650839999999995,-6.3388550000000015,-3.185595,-5.330147,-8.739608,-5.833607,-5.8650839999999995,-6.3388550000000015,-3.185595,-5.330147,-8.739608,-5.833607,-5.8650839999999995,-6.3388550000000015,-3.185595,-5.330147,-8.739608,-5.833607,-5.8650839999999995,-6.3388550000000015,-3.185595,-5.330147,-8.739608,-5.833607,-5.8650839999999995,-6.3388550000000015,-3.185595,-5.330147,-8.739608,-5.833607,-5.8650839999999995,-6.3388550000000015,-3.185595,-5.330147,-8.739608,-5.833607,-5.8650839999999995,-6.3388550000000015,-3.185595,-5.330147,-8.739608,-5.833607,-5.8650839999999995,-6.3388550000000015,-3.185595,-5.330147,54,0,0,0
"('334_LYS', '340_MET')",-4.0381089999999995,-6.012739,-5.566226,-6.315862,-4.259664,-5.703761,-4.0381089999999995,-6.012739,-5.566226,-6.315862,-4.259664,-5.703761,-4.0381089999999995,-6.012739,-5.566226,-6.315862,-4.259664,-5.703761,-4.0381089999999995,-6.012739,-5.566226,-6.315862,-4.259664,-5.703761,-4.0381089999999995,-6.012739,-5.566226,-6.315862,-4.259664,-5.703761,-4.0381089999999995,-6.012739,-5.566226,-6.315862,-4.259664,-5.703761,-4.0381089999999995,-6.012739,-5.566226,-6.315862,-4.259664,-5.703761,-4.0381089999999995,-6.012739,-5.566226,-6.315862,-4.259664,-5.703761,-4.0381089999999995,-6.012739,-5.566226,-6.315862,-4.259664,-5.703761,54,0,0,0
"('335_LEU', '342_LYS')",-1.239881,-0.962872,-0.7274229999999999,-0.980099,-0.995188,-0.479102,-1.239881,-0.962872,-0.7274229999999999,-0.980099,-0.995188,-0.479102,-1.239881,-0.962872,-0.7274229999999999,-0.980099,-0.995188,-0.479102,-1.239881,-0.962872,-0.7274229999999999,-0.980099,-0.995188,-0.479102,-1.239881,-0.962872,-0.7274229999999999,-0.980099,-0.995188,-0.479102,-1.239881,-0.962872,-0.7274229999999999,-0.980099,-0.995188,-0.479102,-1.239881,-0.962872,-0.7274229999999999,-0.980099,-0.995188,-0.479102,-1.239881,-0.962872,-0.7274229999999999,-0.980099,-0.995188,-0.479102,-1.239881,-0.962872,-0.7274229999999999,-0.980099,-0.995188,-0.479102,54,0,0,0
"('335_LEU', '347_PHE')",-1.556563,-1.337521,-1.00614,-1.27029,-0.993642,-1.639346,-1.556563,-1.337521,-1.00614,-1.27029,-0.993642,-1.639346,-1.556563,-1.337521,-1.00614,-1.27029,-0.993642,-1.639346,-1.556563,-1.337521,-1.00614,-1.27029,-0.993642,-1.639346,-1.556563,-1.337521,-1.00614,-1.27029,-0.993642,-1.639346,-1.556563,-1.337521,-1.00614,-1.27029,-0.993642,-1.639346,-1.556563,-1.337521,-1.00614,-1.27029,-0.993642,-1.639346,-1.556563,-1.337521,-1.00614,-1.27029,-0.993642,-1.639346,-1.556563,-1.337521,-1.00614,-1.27029,-0.993642,-1.639346,54,0,0,0
"('337_ALA', '339_LEU')",-1.392811,-1.002549,-0.670611,-0.933485,-0.390672,-1.122487,-1.392811,-1.002549,-0.670611,-0.933485,-0.390672,-1.122487,-1.392811,-1.002549,-0.670611,-0.933485,-0.390672,-1.122487,-1.392811,-1.002549,-0.670611,-0.933485,-0.390672,-1.122487,-1.392811,-1.002549,-0.670611,-0.933485,-0.390672,-1.122487,-1.392811,-1.002549,-0.670611,-0.933485,-0.390672,-1.122487,-1.392811,-1.002549,-0.670611,-0.933485,-0.390672,-1.122487,-1.392811,-1.002549,-0.670611,-0.933485,-0.390672,-1.122487,-1.392811,-1.002549,-0.670611,-0.933485,-0.390672,-1.122487,54,0,0,0
"('340_MET', '347_PHE')",-3.382796,-1.515287,-1.465471,-1.683809,-0.333867,-1.7038240000000002,-3.382796,-1.515287,-1.465471,-1.683809,-0.333867,-1.7038240000000002,-3.382796,-1.515287,-1.465471,-1.683809,-0.333867,-1.7038240000000002,-3.382796,-1.515287,-1.465471,-1.683809,-0.333867,-1.7038240000000002,-3.382796,-1.515287,-1.465471,-1.683809,-0.333867,-1.7038240000000002,-3.382796,-1.515287,-1.465471,-1.683809,-0.333867,-1.7038240000000002,-3.382796,-1.515287,-1.465471,-1.683809,-0.333867,-1.7038240000000002,-3.382796,-1.515287,-1.465471,-1.683809,-0.333867,-1.7038240000000002,-3.382796,-1.515287,-1.465471,-1.683809,-0.333867,-1.7038240000000002,54,0,0,0
"('341_CYS', '347_PHE')",-0.583669,-0.469126,-0.7269800000000001,-0.741581,-0.761714,-0.994569,-0.583669,-0.469126,-0.7269800000000001,-0.741581,-0.761714,-0.994569,-0.583669,-0.469126,-0.7269800000000001,-0.741581,-0.761714,-0.994569,-0.583669,-0.469126,-0.7269800000000001,-0.741581,-0.761714,-0.994569,-0.583669,-0.469126,-0.7269800000000001,-0.741581,-0.761714,-0.994569,-0.583669,-0.469126,-0.7269800000000001,-0.741581,-0.761714,-0.994569,-0.583669,-0.469126,-0.7269800000000001,-0.741581,-0.761714,-0.994569,-0.583669,-0.469126,-0.7269800000000001,-0.741581,-0.761714,-0.994569,-0.583669,-0.469126,-0.7269800000000001,-0.741581,-0.761714,-0.994569,54,0,0,0
"('342_LYS', '347_PHE')",-10.805446,-12.998656,-13.70093,-13.11082,-8.886014,-9.682995,-10.805446,-12.998656,-13.70093,-13.11082,-8.886014,-9.682995,-10.805446,-12.998656,-13.70093,-13.11082,-8.886014,-9.682995,-10.805446,-12.998656,-13.70093,-13.11082,-8.886014,-9.682995,-10.805446,-12.998656,-13.70093,-13.11082,-8.886014,-9.682995,-10.805446,-12.998656,-13.70093,-13.11082,-8.886014,-9.682995,-10.805446,-12.998656,-13.70093,-13.11082,-8.886014,-9.682995,-10.805446,-12.998656,-13.70093,-13.11082,-8.886014,-9.682995,-10.805446,-12.998656,-13.70093,-13.11082,-8.886014,-9.682995,54,0,0,0
"('342_LYS', '348_ARG')",-0.335926,-0.8241639999999999,-0.444537,-0.691964,-0.213665,-0.34537199999999996,-0.335926,-0.8241639999999999,-0.444537,-0.691964,-0.213665,-0.34537199999999996,-0.335926,-0.8241639999999999,-0.444537,-0.691964,-0.213665,-0.34537199999999996,-0.335926,-0.8241639999999999,-0.444537,-0.691964,-0.213665,-0.34537199999999996,-0.335926,-0.8241639999999999,-0.444537,-0.691964,-0.213665,-0.34537199999999996,-0.335926,-0.8241639999999999,-0.444537,-0.691964,-0.213665,-0.34537199999999996,-0.335926,-0.8241639999999999,-0.444537,-0.691964,-0.213665,-0.34537199999999996,-0.335926,-0.8241639999999999,-0.444537,-0.691964,-0.213665,-0.34537199999999996,-0.335926,-0.8241639999999999,-0.444537,-0.691964,-0.213665,-0.34537199999999996,54,0,0,0
"('345_ILE', '408_GLU')",-0.697209,-0.898251,-0.715892,-1.149475,-1.898979,-2.0866580000000003,-0.697209,-0.898251,-0.715892,-1.149475,-1.898979,-2.0866580000000003,-0.697209,-0.898251,-0.715892,-1.149475,-1.898979,-2.0866580000000003,-0.697209,-0.898251,-0.715892,-1.149475,-1.898979,-2.0866580000000003,-0.697209,-0.898251,-0.715892,-1.149475,-1.898979,-2.0866580000000003,-0.697209,-0.898251,-0.715892,-1.149475,-1.898979,-2.0866580000000003,-0.697209,-0.898251,-0.715892,-1.149475,-1.898979,-2.0866580000000003,-0.697209,-0.898251,-0.715892,-1.149475,-1.898979,-2.0866580000000003,-0.697209,-0.898251,-0.715892,-1.149475,-1.898979,-2.0866580000000003,54,0,0,0
"('347_PHE', '351_LYS')",-2.280293,-2.188882,-2.239877,-2.493141,-2.662268,-3.306,-2.280293,-2.188882,-2.239877,-2.493141,-2.662268,-3.306,-2.280293,-2.188882,-2.239877,-2.493141,-2.662268,-3.306,-2.280293,-2.188882,-2.239877,-2.493141,-2.662268,-3.306,-2.280293,-2.188882,-2.239877,-2.493141,-2.662268,-3.306,-2.280293,-2.188882,-2.239877,-2.493141,-2.662268,-3.306,-2.280293,-2.188882,-2.239877,-2.493141,-2.662268,-3.306,-2.280293,-2.188882,-2.239877,-2.493141,-2.662268,-3.306,-2.280293,-2.188882,-2.239877,-2.493141,-2.662268,-3.306,54,0,0,0
"('348_ARG', '407_ASN')",-4.834708999999998,-5.203833,-4.269501999999999,-5.002675,-0.785691,-6.222248,-4.834708999999998,-5.203833,-4.269501999999999,-5.002675,-0.785691,-6.222248,-4.834708999999998,-5.203833,-4.269501999999999,-5.002675,-0.785691,-6.222248,-4.834708999999998,-5.203833,-4.269501999999999,-5.002675,-0.785691,-6.222248,-4.834708999999998,-5.203833,-4.269501999999999,-5.002675,-0.785691,-6.222248,-4.834708999999998,-5.203833,-4.269501999999999,-5.002675,-0.785691,-6.222248,-4.834708999999998,-5.203833,-4.269501999999999,-5.002675,-0.785691,-6.222248,-4.834708999999998,-5.203833,-4.269501999999999,-5.002675,-0.785691,-6.222248,-4.834708999999998,-5.203833,-4.269501999999999,-5.002675,-0.785691,-6.222248,54,0,0,0
"('349_LEU', '402_TYR')",-1.1033389999999998,-0.75207,-0.5092899999999999,-0.705303,-0.684908,-0.675493,-1.1033389999999998,-0.75207,-0.5092899999999999,-0.705303,-0.684908,-0.675493,-1.1033389999999998,-0.75207,-0.5092899999999999,-0.705303,-0.684908,-0.675493,-1.1033389999999998,-0.75207,-0.5092899999999999,-0.705303,-0.684908,-0.675493,-1.1033389999999998,-0.75207,-0.5092899999999999,-0.705303,-0.684908,-0.675493,-1.1033389999999998,-0.75207,-0.5092899999999999,-0.705303,-0.684908,-0.675493,-1.1033389999999998,-0.75207,-0.5092899999999999,-0.705303,-0.684908,-0.675493,-1.1033389999999998,-0.75207,-0.5092899999999999,-0.705303,-0.684908,-0.675493,-1.1033389999999998,-0.75207,-0.5092899999999999,-0.705303,-0.684908,-0.675493,54,0,0,0
"('352_SER', '401_LEU')",-5.562354,-5.336423,-3.725673000000001,-4.395551,-5.076517,-5.933859,-5.562354,-5.336423,-3.725673000000001,-4.395551,-5.076517,-5.933859,-5.562354,-5.336423,-3.725673000000001,-4.395551,-5.076517,-5.933859,-5.562354,-5.336423,-3.725673000000001,-4.395551,-5.076517,-5.933859,-5.562354,-5.336423,-3.725673000000001,-4.395551,-5.076517,-5.933859,-5.562354,-5.336423,-3.725673000000001,-4.395551,-5.076517,-5.933859,-5.562354,-5.336423,-3.725673000000001,-4.395551,-5.076517,-5.933859,-5.562354,-5.336423,-3.725673000000001,-4.395551,-5.076517,-5.933859,-5.562354,-5.336423,-3.725673000000001,-4.395551,-5.076517,-5.933859,54,0,0,0
"('352_SER', '402_TYR')",-2.889719,-1.727283,-1.831441,-1.237819,-4.805707,-2.0586919999999997,-2.889719,-1.727283,-1.831441,-1.237819,-4.805707,-2.0586919999999997,-2.889719,-1.727283,-1.831441,-1.237819,-4.805707,-2.0586919999999997,-2.889719,-1.727283,-1.831441,-1.237819,-4.805707,-2.0586919999999997,-2.889719,-1.727283,-1.831441,-1.237819,-4.805707,-2.0586919999999997,-2.889719,-1.727283,-1.831441,-1.237819,-4.805707,-2.0586919999999997,-2.889719,-1.727283,-1.831441,-1.237819,-4.805707,-2.0586919999999997,-2.889719,-1.727283,-1.831441,-1.237819,-4.805707,-2.0586919999999997,-2.889719,-1.727283,-1.831441,-1.237819,-4.805707,-2.0586919999999997,54,0,0,0
"('353_THR', '402_TYR')",-6.905545,-6.2238190000000015,-5.546219000000002,-6.116122,-6.761916,-5.826933,-6.905545,-6.2238190000000015,-5.546219000000002,-6.116122,-6.761916,-5.826933,-6.905545,-6.2238190000000015,-5.546219000000002,-6.116122,-6.761916,-5.826933,-6.905545,-6.2238190000000015,-5.546219000000002,-6.116122,-6.761916,-5.826933,-6.905545,-6.2238190000000015,-5.546219000000002,-6.116122,-6.761916,-5.826933,-6.905545,-6.2238190000000015,-5.546219000000002,-6.116122,-6.761916,-5.826933,-6.905545,-6.2238190000000015,-5.546219000000002,-6.116122,-6.761916,-5.826933,-6.905545,-6.2238190000000015,-5.546219000000002,-6.116122,-6.761916,-5.826933,-6.905545,-6.2238190000000015,-5.546219000000002,-6.116122,-6.761916,-5.826933,54,0,0,0
"('356_LEU', '398_VAL')",-0.353433,-1.151842,-0.341854,-0.833333,-2.382865,-1.094981,-0.353433,-1.151842,-0.341854,-0.833333,-2.382865,-1.094981,-0.353433,-1.151842,-0.341854,-0.833333,-2.382865,-1.094981,-0.353433,-1.151842,-0.341854,-0.833333,-2.382865,-1.094981,-0.353433,-1.151842,-0.341854,-0.833333,-2.382865,-1.094981,-0.353433,-1.151842,-0.341854,-0.833333,-2.382865,-1.094981,-0.353433,-1.151842,-0.341854,-0.833333,-2.382865,-1.094981,-0.353433,-1.151842,-0.341854,-0.833333,-2.382865,-1.094981,-0.353433,-1.151842,-0.341854,-0.833333,-2.382865,-1.094981,54,0,0,0
"('356_LEU', '401_LEU')",-0.921576,-1.380243,-0.902315,-1.161035,-0.5401819999999999,-1.382958,-0.921576,-1.380243,-0.902315,-1.161035,-0.5401819999999999,-1.382958,-0.921576,-1.380243,-0.902315,-1.161035,-0.5401819999999999,-1.382958,-0.921576,-1.380243,-0.902315,-1.161035,-0.5401819999999999,-1.382958,-0.921576,-1.380243,-0.902315,-1.161035,-0.5401819999999999,-1.382958,-0.921576,-1.380243,-0.902315,-1.161035,-0.5401819999999999,-1.382958,-0.921576,-1.380243,-0.902315,-1.161035,-0.5401819999999999,-1.382958,-0.921576,-1.380243,-0.902315,-1.161035,-0.5401819999999999,-1.382958,-0.921576,-1.380243,-0.902315,-1.161035,-0.5401819999999999,-1.382958,54,0,0,0
