GPCRdb(A),Wootten,CALCR,CALRL,CRFR1,CRFR2,GHRHR,GIPR,GLP1R,GLP2R,GCGR,SCTR,PTH1R,PTH2R,PACR,VIPR1,VIPR2
1x19,1.23,T132,-,Q103,P100,-,-,-,-,-,-,-,-,-,-,-
1x20,1.24,M133,-,E104,I101,-,-,-,-,-,-,-,-,-,-,-
1x21,1.25,C134,-,I105,L102,-,-,-,-,-,-,F173,Q130,Y139,-,-
1x22,1.26,N135,-,L106,D103,L116,-,-,-,-,-,L174,P131,E140,A129,D113
1x23,1.27,A136,-,N107,D104,E117,-,-,-,-,-,T175,D132,S141,S130,P114
1x24,1.28,F137,N130,E108,K105,L118,-,-,-,-,S131,N176,I133,E142,L131,E115
1x25,1.29,T138,T131,E109,Q106,L119,F127,-,N168,Q131,N132,E177,S134,T143,D132,D116
1x26,1.3,P139,H132,K110,R107,A120,L128,-,V169,K132,E133,T178,I135,G144,E133,E117
1x27,1.31,E140,E133,K111,K108,E121,D129,-,D170,E133,K134,R179,G136,D145,Q134,S118
1x28,1.32,K141,K134,S112,Y109,E122,Q130,-,R171,V134,R135,E180,K137,Q146,Q135,K119
1x29,1.33,L142,V135,K113,D110,E123,R131,E138,Y172,A135,H136,R181,Q138,D147,T136,I120
1x30,1.34,K143,K136,V114,L111,S124,L132,E139,A173,K136,S137,E182,E139,Y148,M137,T121
1x31,1.35,N144,T137,H115,H112,Y125,I133,Q140,L174,M137,Y138,V183,F140,Y149,F138,F122
1x32,1.36,A145,A138,Y116,Y113,F126,L134,L141,L175,Y138,L139,F184,F141,Y150,Y139,Y123
1x33,1.37,Y146,L139,H117,R114,S127,E135,L142,S176,S139,L140,D185,E142,L151,G140,I124
1x34,1.38,V147,N140,V118,I115,T128,R136,F143,T177,S140,K141,R186,R143,S152,S141,L125
1x35,1.39,L148,L141,A119,A116,V129,L137,L144,L178,F141,L142,L187,L144,V153,V142,V126
1x36,1.4,Y149,F142,V120,L117,K130,Q138,Y145,Q179,Q142,K143,G188,Y145,K154,K143,K127
1x37,1.41,Y150,Y143,I121,V118,I131,V139,I146,L180,V143,V144,M189,V146,A155,T144,A128
1x38,1.42,L151,L144,I122,V119,I132,M140,I147,M181,M144,M145,I190,M147,L156,G145,I129
1x39,1.43,A152,T145,N123,N120,Y133,Y141,Y148,Y182,Y145,Y146,Y191,Y148,Y157,Y146,Y130
1x40,1.44,I153,I146,Y124,Y121,T134,T142,T149,T183,T146,T147,T192,T149,T158,T147,T131
1x41,1.45,V154,I147,L125,L122,V135,V143,V150,V184,V147,V148,V193,V150,V159,I148,L132
1x42,1.46,G155,G148,G126,G123,G136,G144,G151,G185,G148,G149,G194,G151,G160,G149,G133
1x43,1.47,H156,H149,H127,H124,H137,Y145,Y152,Y186,Y149,Y150,Y195,Y152,Y161,Y150,Y134
1x44,1.48,S157,G150,C128,C125,S138,S146,A153,S187,S150,S151,S196,S153,S162,G151,S135
1x45,1.49,L158,L151,I129,V126,I139,L147,L154,F188,L151,S152,V197,I154,T163,L152,V136
1x46,1.5,S159,S152,S130,S127,S140,S148,S155,S189,S152,S153,S198,S155,S164,S153,S137
1x47,1.51,I160,I153,L131,V128,I141,L149,F156,L190,L153,L154,L199,F156,L165,L154,L138
1x48,1.52,F161,A154,V132,A129,V142,A150,S157,I191,G154,V155,A200,G157,V166,A155,M139
1x49,1.53,T162,S155,A133,A130,A143,T151,A158,S192,A155,M156,S201,S158,T167,T156,S140
1x50,1.54,L163,L156,L134,L131,L144,L152,L159,L193,L156,L157,L202,L159,L168,L157,L141
1x51,1.55,V164,L157,L135,V132,F145,L153,V160,F194,L157,L158,T203,A160,T169,L158,A142
1x52,1.56,I165,I158,V136,A133,V146,L154,I161,L195,L158,V159,V204,V161,T170,V159,T143
1x53,1.57,S166,S159,A137,A134,A147,A155,A162,A196,A159,A160,A205,A162,A171,A160,G144
1x54,1.58,L167,L160,F138,F135,I148,L156,S163,L197,L160,L161,V206,I163,M172,T161,S145
1x55,1.59,G168,G161,V139,L136,T149,L157,A164,T198,A161,G162,L207,L164,V173,A162,I146
1x56,1.6,I169,I162,L140,L137,I150,I158,I165,L199,I162,I163,I208,I165,I174,I163,I147
1x57,1.61,F170,F163,F141,F138,L151,L159,L166,L200,L163,L164,L209,I166,L175,L164,L148
1x58,1.62,V171,F164,L142,L139,V152,S160,L167,L201,G164,C165,A210,G167,C176,S165,C149
1x59,1.63,F172,Y165,R143,A140,A153,L161,G168,F202,G165,A166,Y211,Y168,R177,L166,L150
1x60,1.64,F173,F166,L144,L141,L154,F162,F169,L203,L166,F167,F212,F169,F178,F167,F151
12x48,12.48,R174,K167,R145,R142,R155,R163,R170,R204,S167,R168,R213,R170,R179,R168,R152
12x49,12.49,S175,S168,S146,S143,R156,R164,H171,K205,K168,R169,R214,R171,K180,K169,K153
12x50,12.5,L176,L169,I147,I144,L157,L165,L172,L206,L169,L170,L215,L172,L181,L170,L154
12x51,12.51,G177,S170,R148,R145,H158,H166,H173,H207,H170,H171,H216,H173,H182,H171,H155
2x37,2.44,C178,C171,C149,C146,C159,C167,C174,C208,C171,C172,C217,C174,C183,C172,C156
2x38,2.45,Q179,Q172,L150,L147,P160,T168,T175,T209,T172,T173,T218,T175,T184,T173,T157
2x39,2.46,R180,R173,R151,R148,R161,R169,R176,R210,R173,R174,R219,R176,R185,R174,R158
2x40,2.47,V181,I174,N152,N149,N162,N170,N177,N211,N174,N175,N220,N177,N186,N175,N159
2x41,2.48,T182,T175,I153,V150,Y163,Y171,Y178,Y212,A175,Y176,Y221,Y178,F187,Y176,Y160
2x42,2.49,L183,L176,I154,I151,V164,I172,I179,I213,I176,I177,I222,I179,I188,I177,I161
2x43,2.5,H184,H177,H155,H152,H165,H173,H180,H214,H177,H178,H223,H180,H189,H178,H162
2x44,2.51,K185,K178,W156,W153,T166,I174,L181,M215,A178,M179,M224,M181,M190,M179,L163
2x45,2.52,N186,N179,N157,N154,Q167,N175,N182,N216,N179,H180,H225,H182,N191,H180,N164
2x46,2.53,M187,L180,L158,L155,L168,L176,L183,L217,L180,L181,L226,L183,L192,L181,L165
2x47,2.54,F188,F181,I159,I156,F169,F177,F184,F218,F181,F182,F227,F184,F193,F182,F166
2x48,2.55,L189,F182,S160,T157,T170,T178,A185,A219,A182,V183,L228,V185,V194,I183,L167
2x49,2.56,T190,S183,A161,T158,T171,S179,S186,S220,S183,S184,S229,S186,S195,S184,S168
2x50,2.57,Y191,F184,F162,F159,F172,F180,F187,F221,F184,F185,F230,F187,F196,F185,F169
2x51,2.58,I192,V185,I163,I160,I173,M181,I188,I222,V185,I186,M231,M188,M197,I186,I170
2x52,2.59,L193,C186,L164,L161,L174,L182,L189,L223,L186,L187,L232,L189,L198,L187,L171
2x53,2.6,N194,N187,R165,R162,K175,R183,R190,R224,K187,R188,R233,R190,R199,R188,R172
2x54,2.61,S195,S188,N166,N163,A176,A184,A191,T225,A188,A189,A234,A191,A200,A189,A173
2x55,2.62,M196,V189,A167,V164,G177,A185,L192,L226,S189,L190,V235,T192,I201,A190,I174
2x56,2.63,I197,V190,T168,M165,A178,A186,S193,A227,S190,S191,S236,S193,S202,A191,S175
2x57,2.64,I198,T191,W169,W166,V179,I187,V194,V228,V191,N192,I237,I194,V203,V192,V176
2x58,2.65,I199,I192,F170,F167,F180,L188,F195,L229,L192,F193,F238,F195,F204,F193,L177
2x59,2.66,I200,I193,V171,L168,L181,S189,I196,V230,V193,I194,V239,V196,I205,I194,V178
2x60,2.67,H201,H194,V172,L169,K182,R190,K197,K231,I194,K195,K240,K197,K206,K195,K179
2x61,2.68,L202,L195,Q173,Q170,D183,D191,D198,D232,D195,D196,D241,D198,D207,D196,D180
2x62,2.69,V203,T196,L174,L171,A184,R192,A199,V233,G196,A197,A242,R199,W208,L197,D181
2x63,2.7,E204,A197,T175,V172,A185,L193,A200,V234,L197,V198,V243,V200,I209,A198,V182
2x64,2.71,V205,V198,-,-,L186,L194,L201,F235,L198,L199,L244,V201,L210,L199,L183
2x65,2.72,-,-,-,-,F187,-,-,-,R199,-,Y245,H202,-,-,-
2x66,2.73,-,-,-,-,-,-,-,-,T200,-,S246,A203,-,-,-
2x67,2.74,-,-,-,-,-,-,-,-,R201,-,G247,H204,-,-,-
2x68,2.75,-,-,-,-,-,-,-,-,Y202,-,A248,I205,-,-,-
2x69,2.76,-,-,-,-,-,-,-,-,S203,-,T249,G206,-,-,-
3x21,3.25,-,-,-,-,-,-,-,-,A220,-,G277,Q232,-,-,-
3x22,3.26,-,-,V185,E181,T199,-,-,-,V221,R212,Y278,Y233,T223,S212,W199
3x23,3.27,V217,V210,G186,V182,V200,A214,L224,T258,A222,A213,A279,I234,V224,V213,V200
3x24,3.28,S218,S211,W187,W183,L201,A215,S225,S259,G223,G214,G280,G235,E225,G214,G201
3x25,3.29,C219,C212,C188,C184,C202,C216,C226,C260,C224,C215,C281,C236,C226,C215,C202
3x26,3.3,K220,K213,R189,R185,K203,R217,R227,R261,R225,K216,R282,K237,K227,K216,K203
3x27,3.31,I221,V214,L190,C186,V204,T218,L228,S262,V226,L217,V283,I238,A228,A217,L204
3x28,3.32,L222,S215,V191,I187,S205,A219,V229,V263,A227,V218,A284,A239,V229,A218,S205
3x29,3.33,H223,Q216,T192,T188,V206,Q220,F230,Q264,A228,M219,V285,V240,M230,M219,L206
3x30,3.34,F224,F217,A193,T189,A207,I221,L231,V265,V229,V220,T286,V241,V231,V220,V207
3x31,3.35,F225,I218,A194,I190,A208,V222,L232,L266,F230,L221,F287,M242,F232,F221,F208
3x32,3.36,H226,H219,Y195,F191,S209,T223,M233,L267,M231,F222,F288,F243,F233,F222,L209
3x33,3.37,Q227,L220,N196,N192,H210,Q224,Q234,H268,Q232,Q223,L289,I244,H234,Q223,Q210
3x34,3.38,Y228,Y221,Y197,Y193,F211,Y225,Y235,Y269,Y233,Y224,Y290,Y245,Y235,Y224,Y211
3x35,3.39,M229,L222,F198,F194,A212,C226,C236,F270,G234,C225,F291,F246,C236,C225,C212
3x36,3.4,M230,M223,H199,V195,T213,V227,V237,V271,I235,I226,L292,L247,V237,V226,I213
3x37,3.41,A231,G224,V200,V196,M214,G228,A238,G272,V236,M227,A293,A248,V238,M227,M214
3x38,3.42,C232,C225,T201,T197,T215,A229,A239,A273,A237,A228,T294,T249,S239,A228,A215
3x39,3.43,N233,N226,N202,N198,N216,N230,N240,N274,N238,N229,N295,N250,N240,N229,N216
3x40,3.44,Y234,Y227,F203,F199,F217,Y231,Y241,Y275,Y239,Y230,Y296,Y251,Y241,F230,F217
3x41,3.45,F235,F228,F204,F200,S218,T232,Y242,L276,C240,S231,Y297,Y252,F242,F231,F218
3x42,3.46,W236,W229,W205,W201,W219,W233,W243,W277,W241,W232,W298,W253,W243,W232,W219
3x43,3.47,M237,M230,M206,M202,L220,L234,L244,L278,L242,L233,I299,I254,L244,L233,L220
3x44,3.48,L238,L231,F207,F203,L221,L235,L245,L279,L243,L234,L300,L255,F245,L234,L221
3x45,3.49,C239,C232,G208,V204,A222,V236,V246,V280,V244,V235,V301,V256,I246,V235,V222
3x46,3.5,E240,E233,E209,E205,E223,E237,E247,E281,E245,E236,E302,E257,E247,E236,E223
3x47,3.51,G241,G234,G210,G206,A224,G238,G248,G282,G246,G237,G303,G258,G248,G237,G224
3x48,3.52,I242,I235,C211,C207,V225,V239,V249,L283,L247,L238,L304,L259,L249,L238,L225
3x49,3.53,Y243,Y236,Y212,Y208,Y226,Y240,Y250,Y284,Y248,Y239,Y305,Y260,Y250,Y239,Y226
3x50,3.54,L244,L237,L213,L209,L227,L241,L251,L285,L249,L240,L306,L261,L251,L240,L227
3x51,3.55,H245,H238,H214,H210,N228,H242,Y252,H286,H250,H241,H307,H262,F252,Y241,H228
3x52,3.56,T246,T239,T215,T211,C229,S243,T253,T287,N251,T242,S308,N263,T253,T242,T229
3x53,3.57,L247,L240,A216,A212,L230,L244,L254,L288,L252,L243,L309,L264,L254,L243,L230
3x54,3.58,I248,I241,I217,I213,L231,L245,L255,L289,L253,L244,I310,I265,L255,L244,L231
3x55,3.59,V249,V242,V218,V214,A232,V246,A256,E290,G254,A245,F311,F266,V256,A245,V232
3x56,3.6,V250,V243,L219,M215,S233,L247,F257,P291,L255,I246,M312,V267,E257,V246,A233
4x38,4.37,-,-,-,-,-,-,-,-,-,S250,S316,S271,-,S250,P236
4x39,4.38,-,-,-,-,-,-,E262,-,-,E251,E317,D272,-,E251,P237
4x40,4.39,-,-,-,-,R239,-,Q263,-,-,R252,K318,T273,-,R252,R238
4x41,4.4,-,-,L226,-,R240,G254,W264,R298,S262,K253,K319,K274,R264,K253,R239
4x42,4.41,R258,H251,R227,R223,A241,H255,I265,L299,F263,Y254,Y320,Y275,Y265,Y254,C240
4x43,4.42,L259,L252,K228,K224,F242,F256,F266,W300,F264,L255,L321,L276,F266,F255,F241
4x44,4.43,R260,M253,W229,C225,W243,R257,R267,P301,S265,Q256,W322,W277,Y267,W256,L242
4x45,4.44,W261,W254,M230,L226,W244,Y258,L268,R302,L266,G257,G323,G278,W268,G257,A243
4x46,4.45,Y262,Y255,F231,F227,L245,Y259,Y269,Y303,Y267,F258,F324,F279,Y269,Y258,Y244
4x47,4.46,Y263,Y256,I232,L228,V246,L260,V270,L304,L268,V259,T325,I280,T270,I259,L245
4x48,4.47,L264,F257,C233,F229,L247,L261,S271,L305,G269,A260,V326,L281,I271,L260,L246
4x49,4.48,L265,L258,I234,I230,A248,L262,I272,L306,I270,F261,F327,I282,I272,I261,I247
4x491,4.49,G266,G259,G235,G231,G249,G263,G273,G307,G271,G262,G328,G283,G273,G262,G248
4x50,4.5,W267,W260,W236,W232,W250,W264,W274,W308,W272,W263,W329,W284,W274,W263,W249
4x51,4.51,G268,G261,G237,C233,G251,G265,G275,A309,G273,G264,G330,G285,G275,G264,G250
4x52,4.52,F269,F262,V238,I234,L252,A266,V276,F310,A274,S265,L331,F286,T276,V265,L251
4x53,4.53,P270,P263,P239,P235,P253,P267,P277,P311,P275,P266,P332,P287,P277,P266,P252
4x54,4.54,L271,L264,F240,F236,V254,A268,L278,V312,M276,A267,A333,A288,T278,S267,T253
4x55,4.55,V272,I265,P241,P237,L255,L269,L279,L313,L277,I268,V334,A289,V279,T268,V254
4x56,4.56,P273,P266,I242,I238,F256,F270,F280,F314,F278,F269,F335,F290,C280,F269,C255
4x57,4.57,T274,A267,I243,I239,T257,V271,V281,V315,V279,V270,V336,V291,V281,T270,I256
4x58,4.58,T275,C268,V244,V240,G258,I272,V282,V316,V280,A271,A337,A292,T282,M271,G257
4x59,4.59,I276,I269,A245,A241,T259,P273,P283,P317,P281,L272,V338,A293,V283,V272,A258
4x60,4.6,H277,H270,W246,W242,W260,W274,W284,W318,W282,W273,W339,W294,W284,W273,W259
4x61,4.61,A278,A271,A247,A243,V261,V275,G285,G319,A283,A274,V340,A295,A285,T274,T260
4x62,4.62,I279,I272,I248,I244,S262,I276,I286,F320,V284,I275,S341,V296,T286,I275,A261
4x63,4.63,T280,A273,G249,G245,C263,V277,V287,A321,V285,A276,V342,A297,L287,A276,A262
4x64,4.64,R281,R274,K250,K246,K264,R278,K288,R322,K286,R277,R343,R298,R288,R277,R263
4x65,4.65,A282,S275,L251,L247,L265,Y279,Y289,A323,C287,H278,A344,A299,L289,I278,L264
4x66,4.66,V283,L276,Y252,Y248,A266,L280,L290,H324,L288,F279,T345,T300,Y290,H279,Y265
4x67,4.67,Y284,Y277,Y253,Y249,F267,Y281,Y291,L325,F289,L280,L346,L301,F291,F280,L266
4x68,4.68,F285,-,D254,E250,E268,E282,E292,E326,E290,E281,A347,A302,D292,E281,E267
45x50,45.5,C289,C282,C258,C254,C272,C286,C296,C330,C294,C285,C351,C306,C296,C285,C271
45x51,45.51,W290,W283,W259,W255,W273,W287,W297,W331,W295,W286,W352,W307,W297,W286,W272
45x52,45.52,L291,I284,F260,F256,D274,E288,T298,T332,T296,D287,D353,E308,D298,D287,D273
5x37,5.32,-,-,-,-,-,-,N302,-,-,N291,-,-,S302,N290,H277
5x38,5.33,-,-,-,-,-,-,M303,-,-,A292,G357,G312,T303,S291,S278
5x39,5.34,-,-,-,-,-,-,N304,-,-,S293,N358,D313,A304,S292,V279
5x40,5.35,-,L290,T268,V264,-,-,Y305,-,-,I294,K359,I314,L305,L293,P280
5x41,5.36,L298,L291,D269,D265,W282,W296,W306,W340,W304,W295,K360,K315,W306,W294,W281
5x42,5.37,Y299,Y292,Y270,Y266,W283,W297,L307,W341,W305,W296,W361,W316,W307,W295,W282
5x421,5.38,I300,I293,I271,I267,I284,I298,I308,I342,I306,I297,I362,I317,V308,I296,V283
5x43,5.39,I301,I294,Y272,Y268,I285,I299,I309,I343,L307,I298,I363,Y318,I309,I297,I284
5x44,5.4,H302,H295,Q273,Q269,K286,R300,R310,R344,R308,R299,Q364,Q319,K310,K298,R285
5x45,5.41,G303,G296,G274,G270,G287,T301,L311,G345,F309,G300,V365,A320,G311,G299,I286
5x46,5.42,P304,P297,P275,P271,P288,P302,P312,P346,P310,P301,P366,P321,P312,P300,P287
5x47,5.43,V305,I298,M276,I272,I289,I303,I313,M347,V311,V302,I367,I322,V313,I301,I288
5x48,5.44,M306,C299,I277,I273,V290,L304,L314,M348,F312,I303,L368,L323,V314,L302,L289
5x49,5.45,A307,A300,L278,L274,L291,M305,F315,L349,L313,L304,A369,A324,G315,T303,I290
5x50,5.46,A308,A301,V279,V275,S292,T306,A316,C350,A314,S305,S370,A325,S316,S304,S291
5x51,5.47,L309,L302,L280,L276,V293,I307,I317,V351,I315,I306,I371,I326,I317,I305,I292
5x52,5.48,V310,L303,L281,L277,G294,L308,G318,T352,L316,L307,V372,G327,M318,L306,I293
5x53,5.49,V311,V304,I282,I278,V295,I309,V319,V353,I317,I308,L373,L328,V319,V307,V294
5x54,5.5,N312,N305,N283,N279,N296,N310,N320,N354,N318,N309,N374,N329,N320,N308,N295
5x55,5.51,F313,L306,F284,F280,F297,F311,F321,F355,F319,F310,F375,F330,F321,F309,F296
5x56,5.52,F314,F307,I285,V281,G298,L312,L322,F356,F320,I311,I376,I331,V322,I310,V297
5x57,5.53,F315,F308,F286,F282,L299,I313,I323,I357,I321,L312,L377,L332,L323,L311,L298
5x58,5.54,L316,L309,L287,L283,F300,F314,F324,F358,F322,F313,F378,F333,F324,F312,F299
5x59,5.55,L317,L310,F288,F284,L301,I315,V325,L359,V323,I314,I379,L334,I325,I313,I300
5x60,5.56,N318,N311,N289,N285,N302,R316,R326,K360,R324,N315,N380,N335,G326,C314,S301
5x61,5.57,I319,I312,I290,I286,I303,I317,V327,I361,I325,I316,I381,T336,I327,I315,I302
5x62,5.58,V320,V313,V291,V287,I304,L318,I328,L362,V326,L317,V382,V337,I328,I316,I303
5x63,5.59,R321,R314,R292,R288,R305,G319,C329,K363,Q327,R318,R383,R338,V329,R317,R304
5x64,5.6,V322,V315,I293,I289,I306,I320,I330,L364,L328,I319,V384,V339,I330,I318,I305
5x65,5.61,L323,L316,L294,L290,L307,L321,V331,L365,L329,L320,L385,L340,L331,L319,L306
5x66,5.62,V324,I317,M295,M291,V308,L322,V332,I366,V330,M321,A386,A341,V332,L320,L307
5x67,5.63,T325,T318,T296,T292,R309,S323,S333,S367,A331,R322,T387,T342,Q333,Q321,Q308
5x68,5.64,K326,K319,K297,K293,K310,K324,K334,K368,K332,K323,K388,K343,K334,K322,K309
5x69,5.65,M327,L320,L298,L294,L311,L325,L335,L369,L333,L324,L389,I344,L335,L323,L310
5x70,5.66,R328,K321,-,R295,-,R326,K336,K370,R334,R325,-,-,-,-,-
5x71,5.67,-,-,-,A296,-,T327,A337,A371,A335,T326,-,-,-,-,-
5x72,5.68,-,-,-,-,-,-,N338,-,-,-,-,-,-,-,-
5x73,5.69,-,-,-,-,-,-,L339,-,-,-,-,-,-,-,-
6x25,6.3,-,-,S304,S300,H319,-,C341,-,-,N332,D398,D353,N343,S331,N318
6x26,6.31,-,-,E305,E301,T320,-,K342,-,-,E333,T399,T354,E344,D332,D319
6x27,6.32,-,-,T306,T302,Q321,-,T343,-,-,V334,R400,R355,S345,S333,Q320
6x28,6.33,-,-,I307,I303,S322,D334,D344,D378,D342,S335,Q401,K356,S346,S334,S321
6x29,6.34,-,-,Q308,Q304,Q323,Y335,I345,Y379,Y343,H336,Q402,Q357,I347,P335,Q322
6x30,6.35,Y338,Y331,Y309,Y305,Y324,R336,K346,K380,K344,Y337,Y403,Y358,Y348,Y336,Y323
6x31,6.36,L339,M332,R310,R306,W325,L337,C347,Y381,F345,K338,R404,R359,L349,S337,K324
6x32,6.37,K340,K333,K311,K307,R326,R338,R348,R382,R346,R339,K405,K360,R350,R338,R325
6x33,6.38,A341,A334,A312,A308,L327,L339,L349,L383,L347,L340,L406,L361,L351,L339,L326
6x34,6.39,V342,V335,V313,V309,S328,A340,A350,A384,A348,A341,L407,A362,A352,A340,A327
6x35,6.4,K343,R336,K314,K310,K329,R341,K351,K385,K349,R342,K408,K363,R353,R341,K328
6x36,6.41,A344,A337,A315,A311,S330,S342,S352,S386,S350,S343,S409,S364,S354,S342,S329
6x37,6.42,T345,T338,T316,T312,T331,T343,T353,T387,T351,T344,T410,T365,T355,T343,T330
6x38,6.43,M346,L339,L317,L313,L332,L344,L354,L388,L352,L345,L411,L366,L356,L344,L331
6x39,6.44,I347,I340,V318,V314,F333,T345,T355,V389,T353,L346,V412,V367,L357,L345,L332
6x40,6.45,L348,L341,L319,L315,L334,L346,L356,L390,L354,L347,L413,L368,L358,L346,L333
6x41,6.46,V349,V342,L320,L316,I335,V347,I357,I391,I355,I348,M414,V369,I359,I347,I334
6x42,6.47,P350,P343,P321,P317,P336,P348,P358,P392,P356,P349,P415,L370,P360,P348,P335
6x43,6.48,L351,L344,L322,L318,L337,L349,L359,L393,L357,L350,L416,V371,L361,L349,L336
6x44,6.49,L352,L345,L323,L319,F338,L350,L360,L394,L358,F351,F417,F372,F362,F350,F337
6x45,6.5,G353,G346,G324,G320,G339,G351,G361,G395,G359,G352,G418,G373,G363,G351,G338
6x46,6.51,I354,I347,I325,I321,I340,V352,T362,V396,V360,I353,V419,V374,I364,V352,V339
6x47,6.52,Q355,E348,T326,T322,H341,H353,H363,H397,H361,H354,H420,H375,H365,H353,H340
6x48,6.53,F356,F349,Y327,Y323,Y342,E354,E364,E398,E362,Y355,Y421,Y376,Y366,Y354,Y341
6x49,6.54,V357,V350,M328,M324,I343,V355,V365,I399,V363,I356,I422,I377,T367,I355,M342
6x50,6.55,V358,L351,L329,L325,I344,V356,I366,L400,V364,V357,V423,V378,V368,M356,V343
6x51,6.56,F359,I352,F330,F326,F345,F357,F367,F401,F365,F358,F424,F379,F369,F357,F344
6x52,6.57,P360,P353,F331,F327,N346,A358,A368,S402,A366,A359,M425,V380,A370,A358,A345
6x53,6.58,W361,W354,V332,V328,F347,P359,F369,F403,F367,F360,A426,C381,F371,F359,V346
6x54,6.59,-,-,-,-,L348,V360,V370,I404,V368,S361,T427,L382,S372,F360,F347
6x55,6.6,-,-,-,-,-,T361,M371,T405,T369,-,-,-,-,-,-
6x56,6.61,-,-,-,-,-,E362,-,D406,D370,-,-,-,-,-,-
7x27,7.32,K366,K359,E338,D334,-,G367,G377,G411,G375,-,G434,G388,-,-,-
7x28,7.33,M367,I360,V339,L335,-,A368,T378,F412,T376,-,T435,L389,-,-,-
7x29,7.34,L368,A361,S340,S336,G353,L369,L379,A413,L377,A365,L436,G390,-,-,-
7x30,7.35,G369,E362,R341,Q337,L354,R370,R380,K414,R378,M366,W437,W391,K378,P366,S353
7x31,7.36,K370,E363,V342,I338,G355,F371,F381,L415,S379,E367,Q438,E392,R379,E367,K354
7x32,7.37,I371,V364,V343,M339,I356,A372,I382,I416,A380,I368,V439,I393,E380,V368,Y355
7x33,7.38,Y372,Y365,F344,F340,R357,K373,K383,R417,K381,Q369,Q440,R394,R381,K369,Q356
7x34,7.39,D373,D366,I345,I341,L358,L374,L384,L418,L382,L370,M441,M395,L382,M370,I357
7x35,7.4,Y374,Y367,Y346,Y342,P359,G375,F385,F419,F383,F371,H442,H396,V383,V371,L358
7x36,7.41,V375,I368,F347,F343,L360,F376,T386,I420,F384,F372,Y443,C397,F384,F372,F359
7x37,7.42,M376,M369,N348,N344,E361,E377,E387,Q421,D385,E373,E444,E398,E385,E373,E360
7x38,7.43,H377,H370,S349,S345,L362,I378,L388,L422,L386,L374,M445,L399,L386,L374,L361
7x39,7.44,S378,I371,F350,F346,G363,F379,S389,T423,F387,A375,L446,F400,G387,V375,C362
7x40,7.45,L379,L372,L351,L347,L364,L380,F390,L424,L388,L376,F447,F401,L388,V376,L363
7x41,7.46,I380,M373,E352,Q348,G365,S381,T391,S425,S389,G377,N448,N402,G389,G377,G364
7x42,7.47,H381,H374,S353,S349,S366,S382,S392,S426,S390,S378,S449,S403,S390,S378,S365
7x43,7.48,F382,F375,F354,F350,F367,F383,F393,F427,F391,F379,F450,F404,F391,F379,F366
7x45,7.49,Q383,Q376,Q355,Q351,Q368,Q384,Q394,H428,Q392,Q380,Q451,Q405,Q392,Q380,Q367
7x46,7.5,G384,G377,G356,G352,G369,G385,G395,G429,G393,G381,G452,G406,G393,G381,G368
7x47,7.51,F385,L378,F357,F353,F370,F386,L396,F430,L394,L382,F453,F407,F394,F382,L369
7x48,7.52,F386,L379,F358,F354,I371,L387,M397,L431,L395,V383,F454,F408,V395,V383,V370
7x49,7.53,V387,V380,V359,V355,V372,V388,V398,V432,V396,V384,V455,V409,V396,V384,V371
7x50,7.54,A388,S381,S360,S356,A373,S389,A399,A433,A397,A385,A456,S410,A397,A385,A372
7x51,7.55,T389,T382,V361,V357,I374,V390,I400,L434,V398,V386,I457,I411,V398,I386,V373
7x52,7.56,I390,I383,F362,F358,L375,L391,L401,Q435,L399,L387,I458,I412,L399,L387,L374
7x53,7.57,Y391,F384,Y363,Y359,Y376,Y392,Y402,Y436,Y400,Y388,Y459,Y413,Y400,Y388,Y375
7x54,7.58,C392,C385,C364,C360,C377,C393,C403,G437,C401,C389,C460,C414,C401,C389,C376
7x55,7.59,F393,F386,F365,F361,F378,F394,F404,F438,F402,F390,F461,Y415,F402,F390,F377
7x56,7.6,C394,F387,L366,F362,L379,I395,V405,A439,L403,L391,C462,C416,L403,L391,L378
8x47,8.47,N395,N388,N367,N363,N380,N396,N406,N440,N404,N392,N463,N417,N404,N392,N379
8x48,8.48,N396,G389,S368,G364,Q381,K397,N407,G441,K405,G393,G464,G418,G405,G393,S380
8x49,8.49,E397,E390,E369,E365,E382,E398,E408,E442,E406,E394,E465,E419,E406,E394,E381
8x50,8.5,V398,V391,V370,V366,V383,V399,V409,V443,V407,V395,V466,V420,V407,V395,V382
8x51,8.51,Q399,Q392,R371,R367,R384,Q400,Q410,K444,Q408,Q396,Q467,Q421,Q408,Q396,Q383
8x52,8.52,T400,A393,S372,S368,T385,S401,L411,A445,S409,L397,A468,A422,A409,A397,C384
8x53,8.53,T401,I394,A373,A369,E386,E402,E412,E446,E410,E398,E469,E423,E410,E398,E385
8x54,8.54,V402,L395,I374,V370,I387,I403,F413,L447,L411,V399,I470,V424,I411,L399,L386
8x55,8.55,K403,R396,R375,R371,S388,R404,R414,R448,R412,Q400,K471,K425,K412,R400,K387
8x56,8.56,R404,R397,K376,K372,R389,R405,K415,K449,R413,K401,K472,K426,R413,R401,R388
8x57,8.57,Q405,N398,R377,R373,K390,G406,S416,Y450,R414,K402,S473,M427,K414,K402,K389
8x58,8.58,W406,W399,W378,W374,W391,W407,W417,W451,W415,W403,W474,W428,W415,W403,W390
8x59,8.59,A407,N400,H379,H375,H392,H408,E418,V452,H416,Q404,S475,S429,R416,R404,R391
8x60,8.6,Q408,Q401,R380,R376,G393,H409,R419,R453,R417,Q405,R476,R430,S417,R405,S392
8x61,8.61,F409,Y402,W381,W377,H394,C410,W420,F454,W418,W406,W477,W431,W418,W406,R393
8x62,8.62,K410,K403,Q382,Q378,D395,R411,R421,L455,R419,H407,T478,N432,K419,H407,C394
8x63,8.63,I411,I404,D383,D379,P396,L412,L422,L456,L420,L408,L479,L433,V420,L408,P395
8x64,8.64,Q412,Q405,K384,H380,E397,R413,E423,A457,G421,R409,A480,S434,N421,Q409,T396
8x65,8.65,W413,F406,H385,H381,L398,R414,H424,R458,K422,E410,L481,V435,R422,G410,P397
8x66,8.66,N414,G407,S386,S382,L399,S415,L425,H459,V423,F411,D482,D436,Y423,V411,S398
8x67,8.67,Q415,N408,I387,L383,P400,L416,H426,S460,L424,P412,F483,W437,F424,L412,A399
8x68,8.68,R416,S409,R388,R384,A401,G417,I427,G461,W425,L413,K484,K438,A425,G413,S400
8x69,8.69,W417,F410,A389,V385,W402,E418,Q428,C462,E426,H414,R485,R439,V426,W414,R401
8x70,8.7,G418,S411,R390,P386,R403,E419,R429,R463,E427,P415,K486,T440,D427,N415,D402
8x71,8.71,R419,N412,V391,M387,T404,Q420,D430,A464,R428,V416,A487,P441,F428,P416,Y403
8x72,8.72,R420,S413,A392,A388,R405,R421,S431,C465,N429,A417,R488,P442,K429,K417,R404
