,GHRHR,GHRHR_index,GHRHR_frequency,PACR,PACR_index,PACR_frequency,SCTR,SCTR_index,SCTR_frequency,VIPR1,VIPR1_index,VIPR1_frequency,VIPR2,VIPR2_index,VIPR2_frequency,residue,frequency,status
34,T,19,0.0,P,16,0.9047619047619051,H,23,0.0,G,28,0.574074074074074,A,16,0.0,-,0.0,NC
50,R,35,0.519480519480519,K,28,0.9027777777777779,W,39,0.0,E,44,0.8611111111111109,Q,32,0.5375,-,0.0,NC
60,A,45,0.539473684210526,I,38,0.944444444444444,L,49,0.91304347826087,A,54,0.555555555555556,L,42,0.95,-,0.0,NC
92,S,70,0.506849315068493,V,69,0.925,P,81,0.0,R,78,0.0,V,67,0.0,-,0.0,NC
113,-,-,0.0,W,90,0.981818181818182,-,-,0.0,-,-,0.0,-,-,0.0,-,0.0,NC
143,I,98,0.0,E,120,0.9880952380952379,Q,109,0.0,D,107,0.0,S,95,0.790697674418605,-,0.0,NC
153,P,107,0.8831168831168829,H,129,1.0,R,118,0.790697674418605,P,117,0.7951807228915658,D,104,0.813953488372093,-,0.0,NC
160,V,114,0.9875,F,136,0.916666666666667,V,125,0.0,L,124,0.0,Y,111,0.781609195402299,-,0.0,NC
181,I,132,0.91358024691358,L,156,0.916666666666667,M,145,0.9647058823529409,G,145,0.890243902439024,I,129,0.7558139534883721,-,0.0,NC
197,I,148,0.54320987654321,M,172,0.9036144578313249,L,161,0.858823529411765,T,161,0.0,S,145,0.9651162790697672,-,0.0,NC
212,Y,163,0.8888888888888891,F,187,1.0,Y,176,0.9651162790697672,Y,176,1.0,Y,160,0.96551724137931,Y,0.761792452830189,NC
237,H,188,0.0,A,212,0.9425287356321842,S,201,0.8192771084337349,D,201,0.0,S,185,0.908045977011494,-,0.0,NC
245,S,196,0.7777777777777779,F,220,0.920454545454545,D,209,0.632183908045977,S,209,0.614457831325301,P,193,0.7356321839080459,-,0.0,NC
267,T,215,0.85,S,239,0.988505747126437,A,228,0.7586206896551719,A,228,0.9770114942528739,A,215,0.988505747126437,A,0.577102803738318,NC
273,L,221,0.95,F,245,0.988505747126437,L,234,1.0,L,234,1.0,L,221,1.0,L,0.786885245901639,NC
274,A,222,0.5625,I,246,0.988505747126437,V,235,0.96551724137931,V,235,1.0,V,222,0.9767441860465121,V,0.7025761124121779,NC
280,N,228,0.0,F,252,1.0,H,241,0.8965517241379308,Y,241,0.793103448275862,H,228,0.9418604651162791,H,0.533957845433255,NC
285,S,233,0.95,E,257,0.988505747126437,I,246,0.71264367816092,V,246,0.655172413793103,A,233,0.5348837209302321,-,0.0,NC
286,T,234,0.0,T,258,0.988505747126437,S,247,1.0,S,247,1.0,-,-,0.0,S,0.608823529411765,NC
289,S,237,0.0,P,261,0.988505747126437,S,250,0.988505747126437,S,250,1.0,P,236,0.6744186046511629,S,0.6229508196721311,NC
295,W,243,1.0,Y,267,0.988505747126437,Q,256,0.505747126436782,W,256,0.9770114942528739,L,242,0.0,-,0.0,NC
299,L,247,0.9375,I,271,0.919540229885057,A,260,0.6781609195402301,L,260,0.8620689655172409,L,246,0.8837209302325579,L,0.555035128805621,NC
304,L,252,0.5185185185185179,T,276,0.9770114942528739,S,265,0.5348837209302321,V,265,0.517241379310345,L,251,0.7241379310344829,-,0.0,NC
315,C,263,0.530864197530864,L,287,1.0,A,276,0.581395348837209,A,276,0.0,A,262,0.0,-,0.0,NC
331,S,279,1.0,T,303,0.988505747126437,A,292,0.7647058823529409,S,291,0.839080459770115,S,278,0.529411764705882,-,0.0,NC
332,P,280,1.0,A,304,0.9770114942528739,S,293,0.523255813953488,S,292,0.517241379310345,V,279,0.5176470588235289,-,0.0,NC
333,Y,281,0.987341772151899,L,305,1.0,I,294,0.6744186046511629,L,293,0.0,P,280,0.9764705882352941,-,0.0,NC
346,G,294,0.848101265822785,M,318,1.0,L,307,0.5348837209302321,L,306,0.908045977011494,I,293,0.6627906976744189,-,0.0,NC
350,G,298,0.569620253164557,V,322,0.96551724137931,I,311,0.858823529411765,I,310,0.8965517241379308,V,297,0.0,-,0.0,NC
354,N,302,1.0,G,326,1.0,N,315,0.7674418604651159,C,314,0.770114942528736,S,301,0.9069767441860458,-,0.0,NC
364,E,312,0.5512820512820511,Q,336,1.0,R,325,0.6744186046511629,R,324,0.0,T,311,0.5176470588235289,-,0.0,NC
375,Q,323,0.987179487179487,I,347,0.9770114942528739,H,336,0.0,P,335,0.505747126436782,Q,322,1.0,Q,0.576832151300236,NC
377,W,325,0.5512820512820511,L,349,0.9879518072289158,K,338,0.9069767441860458,S,337,0.8837209302325579,K,324,0.802325581395349,-,0.0,NC
381,K,329,0.772151898734177,R,353,1.0,R,342,0.813953488372093,R,341,0.8214285714285708,K,328,0.988505747126437,K,0.6825775656324581,NC
395,I,343,0.6708860759493671,T,367,1.0,I,356,0.8837209302325579,I,355,0.8214285714285708,M,342,0.505747126436782,-,0.0,NC
404,A,352,0.518987341772152,V,376,0.9879518072289158,-,-,0.0,F,364,0.80952380952381,I,351,0.6162790697674421,-,0.0,NC
406,L,354,0.831168831168831,K,378,1.0,M,366,0.7176470588235291,P,366,0.547619047619048,S,353,0.540229885057471,-,0.0,NC
407,G,355,0.772151898734177,R,379,0.9638554216867471,E,367,0.847058823529412,E,367,0.916666666666667,K,354,0.0,-,0.0,NC
408,I,356,0.544303797468354,E,380,1.0,I,368,0.741176470588235,V,368,0.7738095238095241,Y,355,0.9651162790697672,-,0.0,NC
448,P,396,0.527027027027027,V,420,0.9638554216867471,L,408,0.9285714285714292,L,408,0.8860759493670891,P,395,0.0,-,0.0,NC
449,E,397,0.581081081081081,N,421,0.963414634146341,R,409,0.0,Q,409,0.569620253164557,T,396,0.0,-,0.0,NC
450,L,398,0.7972972972972969,R,422,0.9390243902439019,E,410,0.5243902439024389,G,410,0.518987341772152,P,397,0.0,-,0.0,NC
451,L,399,0.698412698412698,Y,423,0.963414634146341,F,411,0.0,V,411,0.0,S,398,0.0,-,0.0,NC
452,P,400,0.9523809523809521,F,424,0.9878048780487799,P,412,0.0,L,412,0.8860759493670891,A,399,0.0,-,0.0,NC
459,K,407,0.0,R,431,0.963414634146341,A,417,0.0,R,419,0.0,C,406,0.7023809523809521,-,0.0,NC
463,P,411,0.930555555555556,L,435,0.975609756097561,S,418,0.8072289156626509,G,423,0.0,F,410,0.6136363636363641,-,0.0,NC
464,S,412,0.726027397260274,A,436,0.975609756097561,F,419,0.51219512195122,G,424,0.9240506329113921,S,411,0.954545454545455,-,0.0,NC
466,S,414,0.7808219178082191,S,438,0.963414634146341,N,421,0.790123456790123,N,426,0.79746835443038,N,413,0.829545454545455,-,0.0,NC
468,A,416,0.0,V,440,0.963414634146341,-,-,0.0,A,428,0.0,S,415,0.954545454545455,-,0.0,NC
469,K,417,0.7808219178082191,N,441,0.963414634146341,-,-,0.7,T,429,0.525,E,416,0.9540229885057471,-,0.0,NC
470,V,418,0.0,G,442,0.963414634146341,-,-,0.633333333333333,C,430,0.0,G,417,0.528735632183908,-,0.0,NC
471,L,419,0.513888888888889,G,443,0.963414634146341,-,-,0.666666666666667,S,431,0.9875,A,418,0.0,-,0.0,NC
474,M,422,0.513888888888889,L,446,0.9512195121951221,-,-,0.0,V,434,0.5185185185185179,F,421,0.0,-,0.0,NC
476,-,-,0.0,I,448,0.9390243902439019,-,-,0.0,M,436,0.8888888888888891,R,423,0.9540229885057471,-,0.0,NC
483,-,-,0.0,Q,455,0.963414634146341,L,428,0.0,G,443,0.0,G,424,0.0,-,0.0,NC
486,-,-,0.0,M,458,0.9512195121951221,S,431,0.544303797468354,R,446,0.9753086419753091,A,427,0.827586206896552,-,0.0,NC
494,-,-,0.0,N,465,0.9027777777777779,I,439,0.0,V,454,0.0,T,435,0.9767441860465121,-,0.0,NC
498,-,-,0.0,T,468,0.9861111111111109,-,-,0.0,-,-,0.0,-,-,0.0,-,0.0,NC
