,residue,frequency,ghrhr_score,sctr_score,vipr1_score,vipr2_score,Wootten,name,domain
0,P,0.9016393442622952,-10,-10,-3,-10,-,P16,N-ter
1,K,0.9027777777777778,2,-10,1,1,-,K28,N-ter
2,I,0.9444444444444444,-2,1,-2,1,-,I38,N-ter
3,V,0.925,-2,-10,-10,-10,-,V69,N-ter
4,W,0.9818181818181818,-10,-10,-10,-10,-,W90,N-ter
5,E,0.988095238095238,-10,-10,-10,0,-,E120,N-ter
6,H,1.0,-3,0,-10,-2,-,H129,N-ter
7,F,0.9166666666666666,-1,-10,-10,3,-,F136,N-ter
8,L,0.9268292682926829,1,2,-4,1,1.42,L156,TM1
9,M,0.9036144578313252,1,2,-10,-2,1.58,M172,TM1
10,F,1.0,3,3,3,3,2.48,F187,TM2
11,A,0.942528735632184,-10,1,-10,1,-,A212,ECL1
12,F,0.9204545454545454,-3,-4,-3,-4,-,F220,ECL1
13,S,0.9885057471264368,1,1,1,1,3.42,S239,TM3
14,F,0.9885057471264368,0,0,0,0,3.48,F245,TM3
15,I,0.9885057471264368,3,3,3,3,3.49,I246,TM3
16,F,1.0,-10,-2,-2,-2,3.55,F252,TM3
17,E,0.9885057471264368,0,-4,-3,-10,3.6,E257,TM3
18,T,0.9885057471264368,-10,1,1,0,-,T258,ICL2
19,P,0.9885057471264368,-10,-1,-1,-1,-,P261,ICL2
20,Y,0.9885057471264368,2,-2,2,-10,4.43,Y267,TM4
21,I,0.9195402298850576,1,-2,1,1,4.47,I271,TM4
22,T,0.9770114942528736,-2,1,0,-1,4.52,T276,TM4
23,L,1.0,-2,-2,-10,-10,4.63,L287,TM4
24,T,0.9885057471264368,1,0,1,1,5.33,T303,TM5
25,A,0.9770114942528736,-1,1,1,0,5.34,A304,TM5
26,L,1.0,-2,1,-10,-3,5.35,L305,TM5
27,M,1.0,-4,2,2,1,5.48,M318,TM5
28,V,0.9655172413793104,-4,3,3,-10,5.52,V322,TM5
29,G,1.0,-1,-1,-4,-1,5.56,G326,TM5
30,Q,1.0,2,1,-10,-1,-,Q336,ICL3
31,I,0.9770114942528736,-3,-10,-4,-3,6.34,I347,TM6
32,L,0.9879518072289156,-2,-3,-3,-3,6.36,L349,TM6
33,R,1.0,2,2,2,2,6.4,R353,TM6
34,T,1.0,-1,-1,-1,-1,6.54,T367,TM6
35,V,0.9879518072289156,0,-10,-1,3,-,V376,ECL3
36,K,1.0,-3,-10,-1,-1,7.35,K378,TM7
37,R,0.9638554216867471,-3,-10,-1,-10,7.36,R379,TM7
38,E,1.0,-4,-1,-3,-3,7.37,E380,TM7
39,V,0.9638554216867471,-4,1,1,-10,8.63,V420,H8
40,N,0.9634146341463414,0,-10,0,-10,8.64,N421,H8
41,R,0.9390243902439024,-2,-1,-3,-10,8.65,R422,H8
42,Y,0.9634146341463414,-4,-10,-10,-10,8.66,Y423,H8
43,F,0.9878048780487804,-4,-10,0,-10,8.67,F424,H8
44,R,0.9634146341463414,-10,-3,-10,0,-,R431,C-ter
45,L,0.975609756097561,-10,0,-10,1,-,L435,C-ter
46,A,0.975609756097561,-10,1,0,1,-,A436,C-ter
47,S,0.9634146341463414,-10,-1,0,0,-,S438,C-ter
48,V,0.9634146341463414,-10,-2,-10,-2,-,V440,C-ter
49,N,0.9634146341463414,-1,-1,0,-1,-,N441,C-ter
50,G,0.9634146341463414,-2,-4,-10,-1,-,G442,C-ter
51,G,0.9634146341463414,-3,-10,-1,-10,-,G443,C-ter
52,L,0.951219512195122,-2,-10,1,-10,-,L446,C-ter
53,I,0.9390243902439024,-10,-10,1,-3,-,I448,C-ter
54,Q,0.9634146341463414,1,2,-10,-4,-,Q455,C-ter
55,M,0.951219512195122,-1,-2,-2,-1,-,M458,C-ter
56,N,0.9027777777777778,-10,0,-10,-10,-,N465,C-ter
57,T,0.9583333333333334,-10,-10,-10,-10,-,T468,C-ter
