chain_1,residue_1,chain_2,residue_2,RRCS
A,T9,A,R13,0.187814
A,E10,A,R13,7.333438
A,D11,A,Q12,0.223803
A,D11,A,N14,1.177138
A,Q12,A,E15,0.355629
A,N14,A,E15,0.064139
A,E16,A,R20,0.081365
A,K17,A,R20,1.038062
A,K17,A,E21,0.202691
A,Q19,B,D83,2.940704
A,Q19,B,T86,3.242167
A,Q19,B,N88,4.944775
A,R20,A,N23,1.601441
A,R20,A,K24,1.271659
A,E21,A,K24,0.211304
A,A22,B,K89,0.073741
A,N23,A,E27,0.697717
A,N23,B,T87,0.180564
A,N23,B,N88,7.274655
A,N23,B,K89,3.314458
A,I26,A,L30,0.331428
A,I26,B,K89,2.985441
A,I26,B,V90,1.511529
A,I26,B,H91,1.599865
A,I26,B,A92,1.393726
A,E27,B,K89,3.11131
A,K28,A,K32,1.538967
A,Q29,A,K32,1.328621
A,L30,B,G53,1.167861
A,L30,B,K78,0.071801
A,L30,B,K89,0.719847
A,L30,B,A92,0.358443
A,Q31,A,K34,0.724816
A,D33,A,V36,0.992646
A,D33,B,L55,0.647102
A,D33,B,K78,1.479157
A,K34,A,R38,2.906304
A,K34,B,L55,2.849937
A,K34,R,E260,0.527635
A,Q35,R,E260,8.146058
A,Y37,A,R38,0.583762
A,Y37,A,R42,6.371679
A,Y37,A,D240,0.131413
A,Y37,B,L55,4.067058
A,Y37,B,A56,3.724058
A,Y37,B,D76,0.549326
A,R38,R,T257,1.2925
A,R38,R,L258,6.560574
A,R38,R,P259,4.868492
A,R38,R,E260,0.798189
A,A39,A,V217,0.187048
A,A39,A,N218,0.34285
A,A39,R,T257,3.23957
A,A39,R,L258,0.393771
A,A39,R,E260,1.713351
A,T40,A,R42,0.859033
A,T40,A,N218,7.121193
A,T40,A,F219,0.542427
A,T40,A,H220,4.448589
A,H41,A,V217,1.255464
A,H41,A,N218,4.540651
A,H41,A,F219,6.146719
A,H41,A,H220,4.93429
A,H41,A,T242,0.939346
A,H41,A,C379,3.112962
A,H41,A,I383,1.781851
A,H41,R,A256,2.543501
A,H41,R,T257,5.010939
A,R42,A,H220,2.548806
A,R42,A,F222,1.2724
A,R42,A,D240,1.245449
A,R42,A,V241,2.308059
A,R42,A,T242,3.106661
A,R42,A,A243,0.693898
A,R42,B,W99,0.65522
A,L43,A,F212,0.370647
A,L43,A,F219,0.132311
A,L43,A,H220,4.285785
A,L43,A,M221,2.649224
A,L43,A,F222,3.165888
A,L43,A,V241,2.620091
A,L43,A,T242,0.388011
A,L43,A,A243,3.502803
A,L43,A,I245,0.715636
A,L43,A,V375,0.61413
A,L44,A,L46,0.441276
A,L44,A,F222,2.533289
A,L44,A,V224,0.693788
A,L44,A,F238,6.415381
A,L44,A,V241,0.42622
A,L44,A,A243,0.991464
A,L44,A,I244,3.831656
A,L44,A,I245,6.288882
A,L45,A,M221,1.811808
A,L45,A,F222,1.289125
A,L45,A,D223,3.108997
A,L45,A,V224,1.08785
A,L45,A,I245,2.358122
A,L45,A,V247,0.643064
A,L46,A,V224,0.261055
A,L46,A,R231,0.626148
A,L46,A,I235,0.175782
A,L46,A,I244,0.636819
A,L46,A,I245,2.113976
A,L46,A,F246,0.926125
A,L46,A,V247,3.062049
A,L46,A,L272,0.039875
A,L46,A,I276,0.046266
A,G47,A,V247,3.044097
A,G47,A,L272,0.382528
A,A48,A,V247,1.405665
A,A48,A,V248,0.246763
A,A48,A,A249,0.316702
A,A48,A,R265,0.186769
A,A48,A,A269,0.683594
A,G49,A,R231,0.414304
A,I207,A,T210,1.19419
A,I207,A,D223,3.061808
A,F208,A,M221,0.102825
A,F208,A,F222,1.939753
A,F208,A,D223,8.338568
A,F208,A,V224,0.180367
A,F208,A,Q227,0.461827
A,E209,A,K211,4.785839
A,E209,A,H220,1.72172
A,E209,A,M221,0.752047
A,E209,A,F222,6.057325
A,E209,A,D223,0.039072
A,T210,A,F212,0.079014
A,T210,A,F219,0.362896
A,T210,A,H220,1.004589
A,T210,A,M221,7.886358
A,K211,A,F219,2.474609
A,K211,A,H220,4.719681
A,F212,A,V214,0.154106
A,F212,A,V217,0.394991
A,F212,A,N218,0.703551
A,F212,A,F219,12.170464
A,F212,A,M221,1.908923
A,F212,A,I372,2.720831
A,Q213,A,K216,0.646331
A,Q213,A,N218,1.661863
A,Q213,A,F219,0.309569
A,V214,A,D215,1.045383
A,V214,A,F219,2.641089
A,V214,A,I372,2.242862
A,V214,A,R373,2.367089
A,V214,A,F376,4.08909
A,D215,A,R373,5.146642
A,D215,A,F376,1.578657
A,V217,A,F219,0.455607
A,V217,A,F376,0.444987
A,V217,R,A256,0.535592
A,N218,A,H220,0.016912
A,F219,A,F376,3.218082
A,F219,A,C379,0.571425
A,H220,A,F222,2.844455
A,M221,A,I245,0.221916
A,F222,A,F238,0.060478
A,V224,A,Q227,0.047541
A,V224,A,W234,3.342933
A,V224,A,F238,0.856579
A,A226,A,Q227,0.054379
A,Q227,A,W234,0.945314
A,R228,A,D229,1.215149
A,R228,A,E230,6.150872
A,R228,A,W234,0.505212
A,D229,A,E230,0.538442
A,E230,A,R232,3.542371
A,R231,A,W234,3.022596
A,R231,A,I235,0.031377
A,R231,A,L272,1.772742
A,R232,A,K233,0.291542
A,K233,B,D246,0.187689
A,W234,A,F238,0.640287
A,I235,A,I276,0.645226
A,I235,A,N279,0.368375
A,I235,A,L282,2.676973
A,Q236,A,W281,3.579909
A,Q236,B,R314,0.281328
A,Q236,B,W332,1.629286
A,C237,A,F238,0.211287
A,F238,A,V241,1.607018
A,F238,A,I244,0.347663
A,F238,A,L282,0.828758
A,F238,A,T285,0.557261
A,N239,A,D240,1.005848
A,N239,A,W281,1.93317
A,N239,A,L282,1.468509
A,N239,A,T285,2.992006
A,N239,B,W332,3.272577
A,D240,A,T285,0.012243
A,V241,A,T285,2.303108
A,T242,A,A243,0.502386
A,T242,A,T285,0.059908
A,T242,A,S286,1.867637
A,T242,A,C379,0.915778
A,T242,A,I382,1.607996
A,A243,A,S286,1.93729
A,A243,A,I288,1.097299
A,A243,A,I382,0.645932
A,I244,A,I276,0.16632
A,I244,A,L282,0.234923
A,I244,A,T285,1.414179
A,I244,A,S286,2.651972
A,I244,A,V287,3.919057
A,I244,A,I288,3.578136
A,I245,A,I288,1.62514
A,I245,A,F290,1.205081
A,I245,A,V375,1.046872
A,F246,A,V248,1.424117
A,F246,A,A269,1.305865
A,F246,A,L272,2.763451
A,F246,A,F273,0.70074
A,F246,A,I276,1.153785
A,F246,A,V287,0.681541
A,F246,A,I288,4.930877
A,F246,A,L289,3.50519
A,F246,A,F290,3.56904
A,V247,A,F290,3.727069
A,V247,A,N292,0.752107
A,V248,A,S250,0.017633
A,V248,A,A269,0.815556
A,V248,A,F290,2.0828
A,V248,A,L291,1.722223
A,V248,A,N292,3.919219
A,V248,A,K293,0.018655
A,V248,A,F345,0.54554
A,A249,A,S252,0.038441
A,A249,A,R265,1.085939
A,A249,A,L266,0.163832
A,A249,A,N292,0.089697
A,A249,A,K293,1.157503
A,S250,A,L266,0.342006
A,S250,A,N292,3.468018
A,S250,A,K293,2.508871
A,S250,A,Q294,0.096708
A,S250,A,L297,5.015366
A,S251,A,K293,4.614773
A,S251,A,L296,3.183701
A,S251,A,L297,2.108208
A,S251,A,K300,3.904928
A,S251,A,S306,0.240737
A,S252,A,N264,3.582252
A,S252,A,R265,11.747899
A,S252,A,L266,4.302052
A,T263,A,S306,1.040645
A,T263,A,Y311,2.307004
A,N264,A,L266,0.211199
A,N264,A,Q267,2.672039
A,N264,A,S306,0.062524
A,N264,A,Y311,11.742336
A,R265,A,K293,0.082725
A,L266,A,I308,0.275634
A,L266,A,F312,1.240636
A,L266,A,I341,1.33281
A,Q267,A,L270,1.74017
A,Q267,A,K271,1.3007
A,Q267,A,F312,1.913985
A,A269,A,F345,1.971915
A,L270,A,E344,2.773828
A,L270,A,F345,5.288649
A,L270,A,I348,1.679822
A,K271,A,D274,0.730199
A,L272,A,I276,1.203183
A,F273,A,W277,2.835961
A,F273,A,V287,1.58769
A,F273,A,L289,1.310003
A,F273,A,F345,4.721226
A,F273,A,I348,2.197334
A,F273,A,S349,0.719893
A,F273,A,C359,0.755361
A,D274,A,N278,3.625878
A,D274,A,I348,2.641854
A,I276,A,L282,2.814996
A,I276,A,V287,0.350125
A,W277,A,N278,1.527789
A,W277,A,L282,0.03147
A,W277,A,R283,0.640285
A,W277,A,V287,2.565333
A,W277,A,I348,0.519544
A,W277,A,S349,8.902978
A,W277,A,S352,1.446637
A,W277,A,H357,14.850095
A,W277,A,Y358,4.074389
A,W277,A,C359,3.826789
A,N278,A,S352,1.033191
A,N279,A,K280,0.342631
A,N279,A,W281,0.221487
A,N279,A,L282,3.737224
A,K280,A,W281,3.758136
A,K280,A,R283,0.157105
A,K280,B,D290,0.143034
A,W281,B,D290,5.799872
A,W281,B,R314,5.912059
A,W281,B,W332,0.033682
A,L282,A,H357,0.019174
A,R283,A,D284,0.734469
A,R283,A,D354,4.505511
A,R283,A,G355,1.776587
A,R283,A,R356,0.776804
A,R283,A,H357,5.618353
A,D284,A,G355,0.618486
A,D284,A,R356,1.578121
A,D284,A,H357,0.218177
A,T285,A,H357,1.873353
A,S286,A,R356,0.183934
A,S286,A,H357,2.391751
A,S286,A,Y358,3.954317
A,S286,A,Y360,0.129387
A,S286,A,I382,3.815238
A,V287,A,L289,0.580682
A,V287,A,Y358,3.33716
A,V287,A,C359,2.210042
A,V287,A,Y360,2.18246
A,I288,A,F290,0.034824
A,I288,A,Y360,3.710947
A,I288,A,H362,0.528342
A,I288,A,V375,0.186434
A,I288,A,D378,0.34294
A,L289,A,F345,1.77721
A,L289,A,C359,1.427878
A,L289,A,Y360,4.924427
A,L289,A,P361,2.332984
A,L289,A,H362,4.308067
A,F290,A,H362,1.525749
A,F290,A,T364,3.602559
A,F290,A,N371,3.865122
A,F290,A,R374,0.188566
A,F290,A,V375,1.340356
A,L291,A,I341,0.21018
A,L291,A,R342,0.016763
A,L291,A,F345,0.420495
A,L291,A,H362,4.468167
A,L291,A,F363,1.55239
A,L291,A,T364,4.24432
A,N292,A,K293,0.230609
A,N292,A,T364,4.947411
A,N292,A,C365,4.699841
A,N292,A,A366,1.024667
A,K293,A,L296,0.805027
A,Q294,A,D295,0.991935
A,Q294,A,K338,4.889619
A,Q294,A,F363,1.295247
A,Q294,A,T364,2.115389
A,Q294,A,C365,0.98706
A,D295,A,C365,2.41314
A,L296,A,E299,0.721087
A,L297,A,K300,0.715525
A,L297,A,V301,0.22176
A,L297,A,A337,0.046489
A,A298,A,V334,1.530815
A,E299,A,K300,1.639325
A,E299,A,A303,0.090619
A,K300,A,K305,1.630373
A,K300,A,S306,2.631655
A,K300,A,K307,1.224679
A,V301,A,L302,1.11003
A,V301,A,K307,4.491787
A,V301,A,I308,0.545859
A,V301,A,R333,0.439036
A,V301,A,A337,0.204043
A,L302,A,K307,0.245807
A,K305,A,S306,0.290293
A,S306,A,Y311,1.786107
A,K307,A,I308,0.226119
A,K307,A,E309,1.973756
A,K307,A,D310,0.43678
A,I308,A,E309,0.202351
A,I308,A,F312,0.302518
A,I308,A,P313,0.133267
A,I308,A,F315,1.864892
A,I308,A,F340,0.023771
A,I308,A,I341,0.489518
A,E309,A,F315,0.390655
A,E309,A,R333,0.725589
A,D310,A,Y311,2.546112
A,Y311,A,F312,0.519787
A,F312,A,P313,0.170895
A,F312,A,E314,0.93055
A,F312,A,F340,3.741752
A,F312,A,E344,3.810953
A,P313,A,E314,1.37914
A,E314,A,R317,1.51188
A,E314,A,F340,0.129849
A,F315,A,Y318,0.12596
A,F315,A,R333,1.532642
A,F315,A,R336,9.551415
A,F315,A,A337,2.84677
A,F315,A,F340,4.977896
A,A316,A,R336,0.552495
A,Y318,A,P321,3.745472
A,Y318,A,R336,4.907276
A,Y318,A,Y339,0.41306
A,Y318,A,F340,5.630602
A,Y318,A,D343,5.499715
A,T319,A,T320,0.411582
A,T319,A,R336,2.85258
A,T320,A,P321,1.147415
A,T320,A,R336,2.676265
A,P321,A,Y339,0.173216
A,P321,A,R342,0.08514
A,P321,A,D343,0.130411
A,E322,A,A324,2.34263
A,A324,A,Y339,0.031074
A,T325,A,P326,1.015888
A,T325,A,Y339,0.892754
A,P326,A,E327,0.01551
A,P326,A,T335,1.746916
A,P326,A,Y339,0.917191
A,E327,A,P328,0.679258
A,E327,A,E330,0.075203
A,E327,A,K338,2.496346
A,E327,A,F363,0.752231
A,E330,A,V334,1.109894
A,D331,A,P332,3.702855
A,D331,A,R333,1.129592
A,D331,A,V334,0.612112
A,R333,A,R336,3.382978
A,T335,A,K338,0.070859
A,T335,A,Y339,2.025866
A,K338,A,Y339,3.265504
A,K338,A,F363,7.043801
A,Y339,A,R342,2.405403
A,Y339,A,F363,3.53951
A,F340,A,I341,0.573978
A,F340,A,D343,0.161803
A,F340,A,E344,2.824381
A,I341,A,F345,0.566264
A,R342,A,L346,2.156103
A,R342,A,P361,0.660124
A,R342,A,F363,1.526042
A,D343,A,L346,0.328986
A,E344,A,R347,4.333676
A,L346,A,S349,0.648096
A,L346,A,C359,0.438408
A,L346,A,P361,0.389049
A,S349,A,T350,0.281022
A,S349,A,C359,1.303072
A,S352,A,H357,1.47127
A,G355,A,R389,1.353283
A,R356,A,M386,4.042228
A,R356,A,R389,5.504663
A,R356,A,Q390,0.007006
A,Y358,A,Y360,2.12547
A,Y358,A,R385,3.914449
A,Y358,A,L394,0.78346
A,C359,A,P361,0.180567
A,Y360,A,P361,0.206786
A,Y360,A,H362,0.430716
A,Y360,A,D378,5.244408
A,Y360,A,D381,2.764415
A,Y360,A,I382,1.567238
A,Y360,A,R385,0.93241
A,H362,A,R374,3.299079
A,H362,A,D378,5.636835
A,F363,A,R374,1.111587
A,T364,A,N371,4.196198
A,A366,A,N371,2.25611
A,V367,A,D368,0.930495
A,E370,A,R373,0.061297
A,E370,A,R374,2.806289
A,N371,A,R374,1.623551
A,R373,A,F376,1.125398
A,R373,A,N377,2.573417
A,F376,A,N377,0.940728
A,F376,A,R380,2.702048
A,N377,A,D378,0.466182
A,N377,A,R380,0.696939
A,R380,A,D381,0.324076
A,R380,A,Q384,1.494728
A,D381,A,Q384,0.1022
A,D381,A,R385,0.002333
A,I383,A,M386,0.036677
A,I383,A,H387,1.435657
A,R385,A,L394,0.452502
A,M386,A,H387,0.266527
A,M386,A,Q390,2.009082
A,H387,A,Q390,2.107721
A,L388,A,L393,5.224958
A,L388,A,L394,2.094694
A,R389,A,L394,0.28589
A,Q390,R,E406,0.044999
A,Y391,A,L393,1.277884
A,Y391,R,Y400,1.044861
A,E392,R,N404,5.252606
A,E392,R,K405,2.608827
A,E392,R,E406,0.354793
A,L393,R,Y400,0.243928
B,E10,B,E12,0.445234
B,E12,B,Q13,3.769286
B,E12,B,K15,0.237585
B,Q13,B,L14,2.146308
B,L14,G,L19,1.39024
B,K15,B,N16,0.880299
B,K15,B,R19,1.753248
B,N16,B,R19,6.535992
B,N16,B,D20,4.26769
B,Q17,B,I18,1.244087
B,Q17,B,A21,0.441279
B,Q17,G,A23,0.723568
B,I18,B,R22,0.018903
B,I18,G,E22,3.699111
B,I18,G,A23,0.408849
B,R22,B,T221,0.162237
B,R22,B,F222,1.106419
B,R22,B,T223,1.026847
B,R22,B,D258,8.840527
B,R22,B,Q259,7.897473
B,A24,G,K29,0.223745
B,C25,B,Q259,0.352046
B,C25,G,R27,0.678267
B,C25,G,K29,0.23601
B,C25,G,V30,4.936136
B,A26,B,Q259,3.161769
B,D27,G,K29,5.912323
B,D27,G,V30,0.433658
B,D27,G,S31,0.703328
B,A28,B,Q32,0.130666
B,A28,B,I33,1.798031
B,A28,G,S31,0.608684
B,T29,B,Q32,4.673202
B,T29,G,V30,0.6853
B,T29,G,A34,0.061719
B,L30,B,T34,0.819765
B,L30,B,L252,0.390579
B,L30,B,L261,1.682974
B,L30,B,M262,4.62004
B,L30,B,L300,2.350233
B,L30,G,A34,1.324876
B,S31,B,M262,3.200288
B,I33,B,T34,0.087146
B,I33,G,A34,0.607293
B,T34,B,I37,1.004325
B,T34,B,L300,3.851027
B,T34,B,K301,4.401526
B,T34,G,M38,0.053522
B,N35,B,K301,0.421173
B,N36,B,I37,1.052448
B,I37,B,D38,0.109305
B,I37,B,R283,2.026527
B,I37,B,K301,2.939381
B,I37,G,M38,1.594323
B,I37,G,E42,1.084569
B,D38,B,P39,0.694794
B,D38,B,R283,1.357174
B,D38,B,K301,0.119425
B,P39,B,R283,0.067968
B,V40,B,I43,0.376712
B,V40,B,R283,2.414363
B,V40,B,D298,1.60351
B,V40,B,A305,0.384332
B,V40,G,L51,1.249756
B,G41,B,A305,1.290371
B,R42,B,Q44,0.414922
B,R42,B,R304,2.084327
B,R42,B,A305,3.755517
B,R42,B,G306,0.173722
B,I43,B,M45,1.174494
B,I43,B,L284,1.441548
B,I43,B,A305,2.502663
B,I43,B,G306,0.062285
B,I43,G,L50,0.473495
B,I43,G,L51,0.052738
B,Q44,B,R46,0.337951
B,M45,B,L284,0.383617
B,M45,B,V296,0.337296
B,M45,B,L308,0.428245
B,M45,B,W339,2.009658
B,M45,B,N340,2.691237
B,M45,G,L50,2.577473
B,R46,B,R48,0.485376
B,R46,B,I338,0.385054
B,R46,B,W339,4.993884
B,R46,B,N340,0.706737
B,T47,B,T50,0.80755
B,T47,B,K337,3.069867
B,T47,B,I338,1.366639
B,T47,B,W339,4.953764
B,R48,B,R49,0.414024
B,R48,B,I338,4.26778
B,R48,B,W339,0.212677
B,R48,B,N340,2.850805
B,R48,G,F61,4.385356
B,R48,G,R62,4.392056
B,R49,B,L51,0.375219
B,R49,B,S84,2.431201
B,R49,B,Y85,4.647903
B,R49,B,T87,1.339991
B,R49,B,K337,1.679307
B,R49,B,I338,4.431204
B,R49,G,P60,0.994212
B,R49,G,F61,2.607834
B,R49,G,R62,0.757284
B,T50,B,R52,1.371444
B,T50,B,T87,0.285141
B,T50,B,L336,1.16303
B,T50,B,K337,0.620208
B,L51,B,L70,1.438111
B,L51,B,W82,11.702163
B,L51,B,D83,4E-05
B,L51,B,T87,1.922764
B,L51,B,S334,0.086925
B,L51,B,L336,6.74679
B,L51,B,I338,2.273648
B,R52,B,W82,4.127064
B,R52,B,K89,0.876596
B,R52,B,S334,0.079426
B,R52,B,F335,2.26846
B,R52,R,H170,0.020342
B,G53,B,W82,1.050028
B,G53,B,K89,0.264774
B,G53,B,S334,0.1828
B,H54,B,I58,4.320406
B,H54,B,S72,5.574622
B,H54,B,A73,0.251271
B,H54,B,S74,4.969189
B,H54,B,D76,0.751747
B,H54,B,K78,0.225954
B,H54,B,I80,3.143856
B,H54,B,W82,2.0495
B,H54,B,S334,6.065347
B,L55,B,D76,6.209628
B,L55,B,S334,1.580987
B,A56,B,S74,0.823441
B,A56,B,Q75,2.212211
B,A56,B,D76,4.340043
B,A56,B,S334,2.545632
B,K57,A,Q236,0.184475
B,K57,A,C237,2.870208
B,K57,A,N239,3.488922
B,K57,A,D240,3.362355
B,K57,B,A73,0.194551
B,K57,B,S74,3.285674
B,K57,B,Q75,5.418684
B,K57,B,W99,0.031287
B,K57,B,S331,0.169105
B,K57,B,W332,9.246727
B,K57,B,S334,0.185689
B,I58,B,A73,3.081612
B,I58,B,S74,1.348863
B,I58,B,S316,3.295468
B,I58,B,G330,0.271625
B,I58,B,S331,6.391451
B,I58,B,W332,2.472567
B,I58,B,S334,2.90106
B,I58,B,F335,1.628899
B,I58,B,L336,2.055096
B,Y59,A,C237,1.077269
B,Y59,B,A73,2.465352
B,Y59,B,S74,0.360679
B,Y59,B,Q75,2.405304
B,Y59,B,V100,0.540409
B,Y59,B,M101,8.328692
B,Y59,B,S316,6.430871
B,Y59,B,C317,0.40704
B,Y59,B,W332,2.72547
B,A60,B,V71,0.065926
B,A60,B,S72,2.095086
B,A60,B,A73,4.828605
B,A60,B,M101,0.74382
B,A60,B,T102,1.23138
B,A60,B,C103,2.520529
B,A60,B,S316,0.826036
B,A60,B,C317,1.659761
B,M61,B,W63,1.733576
B,M61,B,L70,0.056814
B,M61,B,V71,2.945008
B,M61,B,S72,0.994871
B,M61,B,C103,1.823306
B,M61,B,R150,0.2104
B,M61,B,C317,5.260676
B,M61,B,L318,0.804565
B,M61,B,G319,2.13977
B,M61,B,A328,1.686413
B,M61,B,G330,0.140246
B,M61,B,L336,0.662212
B,H62,B,L70,1.943128
B,H62,B,V71,5.973002
B,H62,B,C103,1.282319
B,H62,B,A104,1.448591
B,H62,B,Y105,4.867855
B,H62,B,R150,3.957956
B,W63,B,S67,0.214931
B,W63,B,R68,0.375237
B,W63,B,L69,0.726959
B,W63,B,L70,3.13845
B,W63,B,S84,2.445102
B,W63,B,Y105,0.585819
B,W63,B,G319,4.389353
B,W63,B,V320,3.289481
B,W63,B,T321,7.078603
B,W63,B,A326,0.306346
B,W63,B,V327,0.007925
B,W63,B,A328,4.029815
B,W63,B,I338,0.272146
B,G64,B,L69,2.318338
B,G64,B,L70,0.049485
B,G64,B,Y105,1.894443
B,G64,B,D322,0.037043
B,T65,B,Y105,0.285608
B,T65,B,A106,0.206667
B,T65,B,P107,4.401254
B,T65,B,D322,0.382146
B,D66,B,R68,0.917031
B,D66,B,L69,1.00322
B,D66,B,Y105,0.293403
B,S67,B,S84,0.837306
B,S67,B,Y85,0.707289
B,S67,B,T321,2.469867
B,S67,B,D322,0.026994
B,S67,B,D323,4.501343
B,R68,B,L69,0.194912
B,R68,B,W82,0.406153
B,R68,B,D83,12.846554
B,R68,B,S84,6.517703
B,R68,B,Y85,9.296945
B,R68,B,T86,0.439891
B,L69,B,I81,0.260925
B,L69,B,W82,3.612668
B,L69,B,D83,1.820534
B,L69,B,S84,0.047471
B,L69,B,V90,0.611195
B,L69,B,Y105,0.865292
B,L70,B,I80,0.627112
B,L70,B,I81,2.622574
B,L70,B,W82,7.285705
B,L70,B,S84,0.501786
B,L70,B,A328,0.190562
B,L70,B,L336,0.927946
B,L70,B,I338,0.628152
B,V71,B,L79,1.438557
B,V71,B,I80,3.27707
B,V71,B,I81,1.235935
B,V71,B,C103,0.911372
B,V71,B,A104,0.274575
B,V71,B,Y105,0.864796
B,V71,B,V112,1.180687
B,S72,B,K78,0.309717
B,S72,B,L79,3.429373
B,S72,B,I80,5.971067
B,S72,B,W82,2.332389
B,S72,B,C103,0.879531
B,S72,B,L336,0.818976
B,A73,B,K78,0.559879
B,A73,B,L79,1.297155
B,A73,B,V100,0.571262
B,A73,B,T102,0.191708
B,A73,B,C103,1.739268
B,A73,B,C114,0.096531
B,S74,B,D76,4.206429
B,S74,B,S98,0.828959
B,S74,B,V100,1.594926
B,Q75,A,C237,1.457257
B,Q75,A,D240,0.101635
B,Q75,B,S98,6.06875
B,Q75,B,W99,3.400402
B,Q75,B,V100,2.752636
B,D76,B,K78,3.395748
B,D76,B,S98,0.182539
B,G77,B,I93,0.916823
B,G77,B,P94,1.539859
B,G77,B,L95,8.023544
B,G77,B,S97,0.034501
B,G77,B,S98,1.217305
B,K78,B,I80,0.373149
B,K78,B,A92,0.045136
B,K78,B,I93,3.638742
B,K78,B,P94,2.932842
B,K78,B,L95,2.989213
B,L79,B,H91,0.58159
B,L79,B,A92,0.75091
B,L79,B,I93,7.331977
B,L79,B,L95,1.460172
B,L79,B,C103,0.565037
B,L79,B,V112,0.846221
B,L79,B,C114,2.016805
B,L79,B,Y124,0.019102
B,I80,B,W82,5.562127
B,I80,B,K89,1.797883
B,I80,B,H91,2.435268
B,I80,B,A92,1.032658
B,I81,B,N88,0.391189
B,I81,B,K89,1.108278
B,I81,B,V90,4.358341
B,I81,B,H91,5.227399
B,I81,B,I93,0.138777
B,I81,B,Y105,0.038569
B,I81,B,V112,0.218197
B,I81,B,L126,2.153069
B,W82,B,N88,2.64754
B,W82,B,K89,5.763445
B,W82,B,V90,0.680447
B,D83,B,S84,0.028775
B,D83,B,Y85,0.276893
B,D83,B,T86,2.979789
B,D83,B,N88,5.536796
B,D83,B,V90,0.767121
B,S84,B,Y85,0.985226
B,Y85,B,T86,0.429969
B,T86,B,N88,3.031234
B,V90,B,H91,2.795939
B,H91,B,I93,0.055759
B,H91,B,L126,0.24714
B,H91,B,V133,0.412674
B,I93,B,P94,0.994301
B,I93,B,V112,0.401965
B,I93,B,Y124,2.051913
B,I93,B,L126,0.680017
B,I93,B,V133,1.059174
B,P94,B,Y124,0.379329
B,L95,B,V100,1.120424
B,L95,B,C114,1.325076
B,L95,B,Y124,2.887077
B,R96,B,S122,0.003616
B,R96,B,Y124,0.285199
B,R96,B,E138,3.460765
B,S97,B,V100,0.461364
B,S97,B,D118,2.454949
B,S98,A,F222,0.728496
B,S98,B,W99,0.0148
B,W99,A,F208,0.309595
B,W99,A,F222,10.131099
B,W99,A,C237,1.947438
B,W99,A,F238,1.407525
B,W99,A,D240,2.003429
B,W99,A,V241,1.051545
B,W99,B,G116,1.696193
B,W99,B,L117,5.288665
B,V100,B,C114,1.764073
B,V100,B,G115,0.01261
B,V100,B,G116,1.719681
B,V100,B,L117,0.024462
B,M101,A,C237,1.978345
B,M101,B,G115,0.877226
B,M101,B,G116,1.794149
B,M101,B,Y145,2.710316
B,M101,B,L146,1.375417
B,M101,B,S147,0.932242
B,T102,B,A113,0.151798
B,T102,B,C114,2.321913
B,T102,B,G115,3.136112
B,T102,B,S147,3.352054
B,T102,B,C148,4.297603
B,T102,B,C149,3.120772
B,T102,B,R150,0.399144
B,C103,B,A113,2.645817
B,C103,B,C114,0.287981
B,C103,B,C149,0.054848
B,C103,B,R150,2.125663
B,A104,B,Y111,0.10156
B,A104,B,V112,3.283875
B,A104,B,A113,5.073665
B,A104,B,C149,1.468113
B,A104,B,R150,2.049965
B,A104,B,F151,1.478053
B,Y105,B,Y111,0.752322
B,Y105,B,L126,0.167615
B,Y105,B,F151,0.794948
B,A106,B,P107,0.690871
B,A106,B,S108,0.170188
B,A106,B,Y111,4.261303
B,A106,B,F151,3.99116
B,A106,B,D154,0.668381
B,P107,B,F151,0.815162
B,P107,B,L152,0.880446
B,P107,B,D153,0.272632
B,S108,B,N110,4.436624
B,S108,B,D154,5.846643
B,G109,B,L126,0.054121
B,G109,B,K127,2.274832
B,N110,B,Y111,1.515914
B,N110,B,Y124,0.09635
B,N110,B,N125,0.957496
B,N110,B,L126,4.157688
B,N110,B,K127,10.896154
B,N110,B,D154,3.067692
B,Y111,B,I123,0.682744
B,Y111,B,Y124,3.687305
B,Y111,B,N125,2.738991
B,Y111,B,L126,0.375179
B,Y111,B,S136,0.880002
B,Y111,B,F151,0.825318
B,Y111,B,D154,5.99422
B,V112,B,S122,0.473016
B,V112,B,I123,1.517931
B,V112,B,Y124,9.010775
B,V112,B,L126,3.417896
B,V112,B,F151,0.639694
B,A113,B,C121,0.275589
B,A113,B,S122,2.257938
B,A113,B,I123,0.894248
B,A113,B,C149,0.383216
B,A113,B,F151,2.448596
B,A113,B,I157,0.641426
B,C114,B,I120,0.046899
B,C114,B,C121,0.054878
B,C114,B,S122,6.133703
B,G115,B,I120,1.696043
B,G115,B,C121,0.276822
B,G115,B,S122,0.122551
B,G115,B,L146,1.717812
B,G116,B,Y145,1.010357
B,G116,B,L146,6.067645
B,L117,A,F208,3.415361
B,L117,A,Q227,4.983775
B,L117,A,W234,0.372423
B,L117,A,F238,1.229122
B,L117,B,Y145,1.216691
B,D118,A,F208,1.859508
B,D118,B,N119,0.137356
B,N119,A,A226,0.891142
B,N119,A,Q227,2.673893
B,N119,B,L139,0.031252
B,N119,B,A140,0.015424
B,N119,B,H142,2.266512
B,N119,B,T143,4.827936
B,N119,B,G144,5.355552
B,N119,B,Y145,0.969882
B,N119,B,L146,0.471108
B,I120,B,S122,0.631331
B,I120,B,E138,1.626657
B,I120,B,L139,3.722549
B,I120,B,A140,0.366197
B,I120,B,L146,2.400775
B,C121,B,I123,0.643553
B,C121,B,R137,0.133568
B,C121,B,E138,1.189635
B,C121,B,L139,8.559869
B,C121,B,L146,2.079757
B,C121,B,C149,0.241361
B,C121,B,I157,0.63876
B,S122,B,Y124,0.731041
B,S122,B,V135,0.068715
B,S122,B,R137,0.942855
B,S122,B,E138,0.185698
B,I123,B,R134,0.22636
B,I123,B,V135,2.378547
B,I123,B,S136,5.030587
B,I123,B,R137,5.347834
B,I123,B,L139,0.615179
B,I123,B,F151,0.765544
B,I123,B,I157,0.789057
B,I123,B,I171,1.244907
B,Y124,B,R134,4.119539
B,Y124,B,V135,3.8281
B,Y124,B,S136,0.807651
B,N125,B,K127,0.697454
B,N125,B,T128,1.426929
B,N125,B,V133,1.19308
B,N125,B,R134,3.058983
B,N125,B,S136,0.816622
B,L126,B,V133,1.005363
B,T128,B,E130,0.479408
B,T128,B,V133,0.338498
B,T128,B,R134,1.266379
B,R129,B,E130,2.00601
B,S136,B,R137,0.555132
B,R137,B,E138,0.323728
B,R137,B,I171,2.973226
B,R137,B,T173,0.327731
B,R137,B,G174,0.183482
B,L139,B,I157,0.575166
B,L139,B,W169,6.057574
B,L139,B,D170,0.02523
B,L139,B,G174,0.779196
B,A140,B,W169,4.749282
B,G141,B,W169,0.538731
B,G141,B,Q176,2.048887
B,H142,B,L146,0.879999
B,H142,B,T159,1.498051
B,H142,B,S161,6.038943
B,H142,B,D163,5.11807
B,H142,B,T165,4.213633
B,H142,B,C166,0.096813
B,H142,B,A167,2.296895
B,H142,B,W169,0.562917
B,H142,B,Q176,0.518181
B,T143,A,A226,2.14055
B,T143,A,Q227,0.551553
B,T143,B,D163,7.289854
B,G144,A,Q227,1.474153
B,G144,B,S161,3.848961
B,G144,B,G162,1.633444
B,G144,B,D163,4.262438
B,Y145,A,Q227,4.127438
B,Y145,A,K233,1.803001
B,Y145,A,W234,1.654771
B,Y145,B,S147,0.432296
B,Y145,B,S160,0.178901
B,Y145,B,S161,5.725538
B,Y145,B,G162,5.052233
B,Y145,B,D186,4.075204
B,Y145,B,V187,0.425931
B,Y145,B,M188,2.906268
B,L146,B,T159,2.328089
B,L146,B,S160,3.011383
B,L146,B,S161,2.258376
B,S147,B,C148,0.287345
B,S147,B,S160,7.045793
B,S147,B,S161,1.170691
B,S147,B,V187,2.916947
B,S147,B,M188,6.100548
B,S147,B,S189,0.284334
B,C148,B,R150,1.523218
B,C148,B,V158,0.227651
B,C148,B,T159,3.617357
B,C148,B,S160,6.684234
B,C148,B,M188,0.554751
B,C148,B,S189,1.495199
B,C148,B,L190,3.91571
B,C149,B,I157,1.028304
B,C149,B,V158,1.873987
B,C149,B,T159,4.08903
B,R150,B,I157,3.37333
B,R150,B,V158,5.596347
B,R150,B,L190,0.304174
B,R150,B,L192,0.800027
B,F151,B,Q156,1.146749
B,F151,B,I157,1.821848
B,F151,B,I171,0.785209
B,L152,B,D153,0.681006
B,L152,B,Q156,1.571582
B,L152,B,I157,0.031164
B,L152,B,V158,0.129349
B,L152,B,L168,0.621461
B,L152,B,L192,1.036142
B,L152,B,T196,1.901555
B,L152,B,V213,0.301835
B,D153,B,N155,0.412283
B,D153,B,Q156,5.778518
B,D153,B,I171,0.02675
B,D154,B,I171,1.383663
B,N155,B,Q156,0.128422
B,N155,B,W169,0.607073
B,N155,B,D170,2.435299
B,N155,B,I171,6.766705
B,N155,B,E172,8.885673
B,Q156,B,L168,0.454183
B,Q156,B,W169,2.593381
B,Q156,B,I171,0.751376
B,I157,B,A167,0.499289
B,I157,B,L168,1.545762
B,I157,B,W169,7.28897
B,I157,B,I171,1.107982
B,V158,B,A167,3.390341
B,V158,B,L168,0.914835
B,V158,B,F180,0.516512
B,V158,B,L190,1.810715
B,V158,B,L192,0.74441
B,V158,B,F199,1.113684
B,T159,B,C166,2.859353
B,T159,B,A167,5.334081
B,T159,B,W169,1.755766
B,T159,B,L190,0.806362
B,S160,B,T165,0.531658
B,S160,B,C166,2.313821
B,S160,B,V187,1.355017
B,S160,B,S189,0.679283
B,S160,B,L190,3.436323
B,S161,B,D163,4.151114
B,S161,B,D186,0.07021
B,S161,B,V187,5.252542
B,G162,A,R228,3.536668
B,G162,B,D186,2.811634
B,G162,B,V187,0.159126
B,D163,A,R228,1.129944
B,D163,B,T165,3.693672
B,T164,A,R228,0.711061
B,T164,B,T165,0.314899
B,T164,B,F180,0.271766
B,T164,B,T181,0.299421
B,T164,B,G182,0.221476
B,T164,B,H183,5.07266
B,T164,B,T184,0.580757
B,T164,B,G185,5.244394
B,T164,B,V187,1.044133
B,T165,B,T179,0.303413
B,T165,B,F180,2.345707
B,T165,B,T181,0.783575
B,T165,B,V187,0.461167
B,C166,B,T178,0.234846
B,C166,B,T179,2.430368
B,C166,B,F180,14.352171
B,C166,B,V187,0.482811
B,C166,B,L190,0.289424
B,C166,B,F199,0.465731
B,C166,B,S201,0.794077
B,A167,B,W169,1.826865
B,A167,B,Q176,1.062691
B,A167,B,T178,2.052884
B,A167,B,T179,0.228738
B,A167,B,F180,2.020374
B,L168,B,Q175,0.28801
B,L168,B,Q176,1.490373
B,L168,B,T177,5.132763
B,L168,B,T178,8.735247
B,L168,B,F180,2.807452
B,L168,B,V213,1.626742
B,W169,B,G174,0.660595
B,W169,B,Q175,4.889222
B,W169,B,Q176,6.38686
B,W169,B,T177,1.582805
B,D170,B,E172,0.90289
B,D170,B,T173,5.387033
B,D170,B,Q175,5.98999
B,D170,B,T177,3.525059
B,I171,B,E172,0.186819
B,E172,B,T173,0.564349
B,T173,B,Q175,1.658892
B,Q176,B,T179,3.007771
B,T177,B,T178,0.995398
B,T178,B,F180,1.17493
B,T178,B,V213,1.00568
B,T178,B,E215,0.611443
B,T178,B,G216,1.156808
B,T179,B,G216,0.355591
B,F180,B,F199,5.877699
B,F180,B,W211,6.005542
B,F180,B,D212,2.236922
B,F180,B,V213,2.631984
B,F180,B,G216,2.567301
B,T181,B,W211,4.573736
B,G182,B,K209,3.70825
B,G182,B,W211,0.599367
B,H183,B,V187,0.842288
B,H183,B,S201,4.632437
B,H183,B,A203,3.775278
B,H183,B,D205,2.962669
B,H183,B,S207,1.593409
B,H183,B,K209,11.309317
B,H183,B,W211,1.465262
B,T184,B,A203,0.208145
B,T184,B,C204,1.029695
B,T184,B,D205,10.906747
B,T184,B,K209,0.104946
B,G185,A,R228,1.0512
B,G185,A,E230,1.852306
B,G185,B,A203,0.17418
B,G185,B,C204,0.076074
B,D186,A,R228,3.628653
B,D186,A,E230,3.977303
B,D186,A,K233,0.884432
B,D186,B,M188,0.128743
B,D186,B,A203,3.37666
B,D186,B,C204,5.991909
B,V187,B,S201,1.051736
B,V187,B,G202,1.701109
B,V187,B,A203,1.770294
B,M188,A,K233,2.768321
B,M188,B,G202,2.686919
B,M188,B,A203,0.274948
B,M188,B,C204,0.940646
B,M188,B,I229,1.914325
B,M188,B,N230,1.76656
B,S189,B,S201,0.76992
B,S189,B,G202,1.732875
B,S189,B,N230,1.139788
B,S189,B,A231,3.481238
B,S189,B,I232,4.40339
B,L190,B,F199,2.586914
B,L190,B,V200,1.816186
B,L190,B,S201,1.322451
B,L190,B,I232,1.550689
B,S191,B,F199,1.844774
B,S191,B,V200,2.160571
B,S191,B,I232,2.175752
B,S191,B,C233,3.117083
B,S191,B,F234,7.305882
B,L192,B,L198,1.195929
B,L192,B,F199,1.019548
B,L192,B,F234,4.316869
B,A193,B,P194,0.735263
B,A193,B,D195,1.055951
B,A193,B,L198,3.359984
B,A193,B,F199,0.005021
B,A193,B,F234,6.102137
B,P194,B,F235,0.342343
B,P194,B,P236,0.834487
B,P194,B,N237,0.094916
B,P194,B,G238,1.026254
B,D195,B,R197,5.868446
B,T196,B,V213,0.304515
B,R197,B,D212,2.285495
B,R197,B,V213,4.326694
B,R197,B,R214,0.592447
B,L198,B,L210,0.490825
B,L198,B,W211,3.247625
B,L198,B,D212,3.068826
B,L198,B,V213,0.987924
B,L198,B,F234,0.16115
B,F199,B,S201,0.045893
B,F199,B,K209,0.326827
B,F199,B,L210,1.975004
B,F199,B,W211,12.35735
B,F199,B,V213,1.306228
B,F199,B,F234,1.338908
B,V200,B,K209,1.948918
B,V200,B,L210,1.961953
B,V200,B,W211,0.002437
B,V200,B,I232,2.202843
B,V200,B,F234,4.823852
B,V200,B,F241,4.359399
B,V200,B,L255,0.023604
B,S201,B,S207,0.417017
B,S201,B,A208,2.738316
B,S201,B,K209,6.989343
B,S201,B,W211,2.430565
B,S201,B,I232,0.664722
B,G202,B,S207,0.511131
B,G202,B,A208,0.424976
B,G202,B,I229,1.816629
B,G202,B,I232,0.77692
B,A203,B,D205,1.547655
B,A203,B,D228,0.226526
B,A203,B,I229,5.157015
B,C204,A,R232,2.686945
B,C204,A,K233,1.534435
B,C204,B,D228,4.147251
B,C204,B,I229,0.150533
B,D205,B,S207,4.102835
B,D205,B,K209,0.375895
B,D205,B,S227,0.031207
B,A206,B,F222,0.220695
B,A206,B,T223,3.52094
B,A206,B,G224,0.412598
B,A206,B,H225,4.447878
B,A206,B,E226,1.593606
B,A206,B,S227,3.852144
B,A206,B,I229,1.301213
B,S207,B,K209,0.270511
B,S207,B,T221,0.467878
B,S207,B,F222,2.722444
B,S207,B,T223,1.597384
B,S207,B,I229,1.860974
B,A208,B,Q220,0.257517
B,A208,B,T221,0.622243
B,A208,B,F222,8.677661
B,A208,B,I229,0.569395
B,A208,B,I232,0.636503
B,A208,B,F241,1.110499
B,A208,B,T243,0.228989
B,K209,B,W211,1.967731
B,K209,B,C218,2.751029
B,K209,B,Q220,1.346263
B,K209,B,T221,4.006921
B,L210,B,M217,0.049397
B,L210,B,C218,2.708707
B,L210,B,R219,5.049021
B,L210,B,Q220,6.380624
B,L210,B,F222,1.415778
B,L210,B,F234,0.034475
B,L210,B,L255,0.991888
B,W211,B,G216,0.514892
B,W211,B,M217,3.874564
B,W211,B,C218,4.56172
B,W211,B,R219,0.093165
B,D212,B,R214,1.550732
B,D212,B,E215,2.694052
B,D212,B,M217,0.788719
B,D212,B,R219,2.852771
B,R214,B,E215,2.864672
B,E215,B,M217,3.06885
B,C218,B,T221,1.477632
B,R219,B,Q220,1.226538
B,Q220,B,F222,4.710123
B,Q220,B,D254,0.011588
B,Q220,B,L255,3.651501
B,Q220,B,D258,6.504554
B,T221,B,D258,0.460085
B,F222,B,F241,3.415654
B,F222,B,F253,1.189926
B,F222,B,D254,2.4832
B,F222,B,L255,1.78337
B,F222,B,D258,6.247825
B,F222,B,Q259,0.091669
B,T223,B,F253,0.043961
B,G224,B,R251,5.958462
B,G224,B,F253,1.538494
B,G224,B,E260,0.102672
B,H225,B,I229,1.611613
B,H225,B,T243,4.724307
B,H225,B,S245,5.43029
B,H225,B,D247,0.422349
B,H225,B,T249,2.799565
B,H225,B,C250,0.477312
B,H225,B,R251,12.62003
B,H225,B,F253,1.389532
B,E226,B,D247,8.334324
B,S227,B,D228,0.340772
B,S227,B,D246,1.626464
B,S227,B,D247,0.765412
B,D228,A,R232,7.091484
B,D228,A,K233,2.674344
B,D228,B,S245,3.669527
B,D228,B,D246,3.147742
B,I229,B,T243,2.007803
B,I229,B,G244,3.065184
B,I229,B,S245,2.135321
B,N230,A,K233,4.526063
B,N230,B,G244,2.470311
B,N230,B,S245,1.345431
B,N230,B,D246,1.095183
B,N230,B,I273,2.228736
B,N230,B,T274,0.84572
B,A231,B,T243,1.861558
B,A231,B,G244,5.971537
B,A231,B,T274,1.34189
B,A231,B,S275,1.517564
B,A231,B,V276,2.469875
B,I232,B,F241,2.408036
B,I232,B,A242,2.217939
B,I232,B,T243,2.438011
B,I232,B,V276,1.484187
B,C233,B,F241,3.306071
B,C233,B,A242,4.536438
B,C233,B,V276,1.647197
B,C233,B,S277,1.919299
B,C233,B,F278,1.346898
B,F234,B,A240,3.252773
B,F234,B,F241,2.111821
B,F234,B,L255,0.281058
B,F234,B,F278,2.995919
B,F235,B,P236,2.984749
B,F235,B,N237,1.211525
B,F235,B,A240,5.260946
B,F235,B,F241,0.829129
B,F235,B,F278,6.689374
B,F235,B,S281,0.271571
B,F235,B,G282,3.623354
B,P236,B,F278,0.610442
B,P236,B,S279,0.664124
B,P236,B,K280,1.88386
B,P236,B,S281,0.62221
B,P236,B,G282,1.386874
B,N237,B,N239,4.399257
B,G238,B,L255,1.150909
B,N239,B,D254,2.963757
B,N239,B,L255,4.027285
B,N239,B,R256,2.489572
B,A240,B,L252,0.457073
B,A240,B,F253,1.883494
B,A240,B,D254,0.43978
B,A240,B,L255,0.263429
B,F241,B,T243,1.957214
B,F241,B,R251,0.610893
B,F241,B,L252,2.78598
B,F241,B,F253,7.942867
B,F241,B,L255,1.256811
B,F241,B,F278,0.104952
B,A242,B,R251,1.934163
B,A242,B,L252,0.948154
B,A242,B,V276,0.349078
B,A242,B,F278,2.75338
B,A242,B,L285,1.34389
B,T243,B,T249,0.430939
B,T243,B,C250,2.379353
B,T243,B,R251,4.859197
B,T243,B,F253,2.657159
B,T243,B,V276,0.105028
B,G244,B,T249,0.510381
B,G244,B,C250,0.022903
B,G244,B,I273,1.64015
B,G244,B,V276,0.933103
B,S245,B,D247,1.136838
B,S245,B,T249,0.215578
B,S245,B,G272,1.818763
B,S245,B,I273,6.910913
B,D246,B,G272,3.060458
B,D247,B,T249,2.22828
B,D247,B,R251,0.619227
B,A248,B,Y264,0.116442
B,A248,B,S265,0.619376
B,A248,B,I269,3.069105
B,A248,B,I270,0.330105
B,A248,B,C271,3.952424
B,A248,B,G272,0.907598
B,A248,B,I273,1.54494
B,T249,B,R251,1.030629
B,T249,B,T263,1.665689
B,T249,B,Y264,5.145089
B,T249,B,S265,2.9907
B,T249,B,I273,3.2436
B,C250,B,M262,0.357875
B,C250,B,T263,2.365002
B,C250,B,Y264,12.399883
B,C250,B,I273,1.705825
B,C250,B,L285,0.159121
B,C250,B,A287,0.498194
B,C250,B,Y289,0.238747
B,R251,B,F253,1.858403
B,R251,B,E260,6.450693
B,R251,B,M262,1.93312
B,R251,B,T263,2.113069
B,R251,B,Y264,0.428216
B,L252,B,Q259,0.027513
B,L252,B,E260,1.095497
B,L252,B,L261,4.081122
B,L252,B,M262,1.692481
B,L252,B,Y264,3.76171
B,L252,B,F278,0.869152
B,L252,B,A299,0.395141
B,F253,B,Q259,1.886595
B,F253,B,E260,2.303009
B,F253,B,L261,0.06371
B,D254,B,R256,0.620483
B,D254,B,A257,1.891819
B,D254,B,Q259,2.475762
B,D254,B,L261,1.531905
B,A257,B,Q259,0.035077
B,Q259,B,L261,0.04326
B,E260,B,T263,1.756724
B,L261,B,M262,0.010343
B,M262,B,Y264,3.03443
B,M262,B,L300,1.055326
B,M262,B,K301,1.365546
B,M262,B,A302,1.071224
B,T263,B,S265,0.23381
B,T263,B,A302,0.078498
B,Y264,B,L285,1.874892
B,Y264,B,Y289,0.227831
B,Y264,B,W297,7.079072
B,Y264,B,D298,0.957292
B,Y264,B,A299,6.336855
B,Y264,B,L300,0.065145
B,Y264,B,A302,2.991973
B,S265,B,W297,3.360758
B,H266,B,D267,0.025442
B,H266,B,N268,2.986648
B,H266,B,I269,0.95599
B,H266,B,W297,2.616077
B,H266,B,R304,6.099355
B,D267,B,N268,0.561841
B,N268,B,R304,0.202067
B,I269,B,C271,0.737608
B,I269,B,Y289,3.367754
B,I269,B,D291,0.278067
B,I269,B,N295,0.086241
B,I269,B,W297,0.298243
B,I270,A,K280,0.406904
B,C271,A,K280,0.379159
B,C271,B,Y289,1.772086
B,C271,B,D290,2.758334
B,C271,B,D291,4.432018
B,G272,B,G288,0.176434
B,G272,B,Y289,1.060095
B,G272,B,D290,7.26057
B,I273,B,V276,0.172286
B,I273,B,A287,0.297632
B,I273,B,G288,3.130084
B,I273,B,Y289,5.374625
B,T274,B,S275,0.860031
B,T274,B,G288,4.324178
B,T274,B,Y289,0.215941
B,T274,B,D290,2.338813
B,T274,B,R314,3.512602
B,T274,B,V315,2.716973
B,T274,B,S316,1.990439
B,S275,B,L286,0.16764
B,S275,B,A287,2.872118
B,S275,B,G288,6.353538
B,S275,B,V315,0.08609
B,S275,B,S316,3.028979
B,S275,B,C317,3.383929
B,S275,B,L318,1.798746
B,V276,B,L285,1.195738
B,V276,B,L286,2.524862
B,V276,B,A287,0.792205
B,V276,B,G288,0.058179
B,S277,B,L285,1.684292
B,S277,B,L286,7.21508
B,S277,B,L318,3.287267
B,S277,B,G319,0.054225
B,S277,B,V320,1.578133
B,F278,B,L284,3.373741
B,F278,B,L285,5.345441
B,F278,B,A299,0.662078
B,F278,B,V320,2.548887
B,S279,B,S281,0.906152
B,S279,B,L284,2.237167
B,S279,B,V320,0.362001
B,K280,B,D322,2.979478
B,K280,B,D323,3.215812
B,K280,B,G324,0.96651
B,S281,B,R283,0.599528
B,G282,B,A299,0.535934
B,R283,B,L284,0.093493
B,R283,B,W297,0.211547
B,R283,B,D298,9.201143
B,R283,B,A299,3.431392
B,R283,B,L300,3.446397
B,R283,B,K301,0.073645
B,L284,B,L286,0.738527
B,L284,B,V296,1.257129
B,L284,B,W297,1.647951
B,L284,B,A299,0.921846
B,L285,B,N295,0.55231
B,L285,B,V296,0.997293
B,L285,B,W297,9.559044
B,L285,B,A299,1.022235
B,L286,B,N295,0.262274
B,L286,B,V296,1.198065
B,L286,B,L308,0.167794
B,L286,B,L318,1.537258
B,L286,B,V327,1.567409
B,A287,B,Y289,0.76027
B,A287,B,N293,0.106918
B,A287,B,C294,2.671813
B,A287,B,N295,4.296019
B,A287,B,W297,0.201375
B,A287,B,L318,0.450328
B,G288,B,N293,0.859044
B,G288,B,C294,0.281612
B,G288,B,V315,1.431049
B,G288,B,L318,1.118838
B,Y289,B,D291,1.559771
B,Y289,B,N295,7.759197
B,Y289,B,W297,5.832906
B,Y289,B,R314,0.020121
B,Y289,B,V315,2.610025
B,D290,B,R314,5.303498
B,D291,B,N293,2.211578
B,D291,B,N295,0.251178
B,F292,B,N293,0.167075
B,F292,B,L308,0.042104
B,F292,B,A309,0.11398
B,F292,B,H311,1.845194
B,F292,B,D312,5.157092
B,F292,B,N313,9.75053
B,F292,B,R314,3.144015
B,F292,R,R413,1.065914
B,N293,B,N295,0.431654
B,N293,B,V307,1.28144
B,N293,B,L308,1.033082
B,N293,B,A309,1.904423
B,N293,B,V315,0.951335
B,C294,B,G306,0.527288
B,C294,B,V307,1.283943
B,C294,B,L308,7.267878
B,C294,B,V315,1.465367
B,C294,B,L318,1.10476
B,C294,B,T329,0.915224
B,N295,B,W297,0.655439
B,N295,B,R304,4.5315
B,N295,B,G306,1.935702
B,N295,B,V307,1.424036
B,V296,B,D303,0.011893
B,V296,B,R304,2.555752
B,V296,B,A305,2.662211
B,V296,B,G306,6.716199
B,V296,B,L308,0.82069
B,W297,B,A302,3.15879
B,W297,B,D303,2.162296
B,W297,B,R304,4.098686
B,D298,B,K301,1.381894
B,D298,B,D303,5.551897
B,K301,B,D303,1.92434
B,R304,B,V307,0.31336
B,V307,B,A309,0.524924
B,L308,B,W339,6.661107
B,A309,B,W339,0.525941
B,A309,R,R417,1.552786
B,G310,B,K337,3.536589
B,G310,B,W339,3.048491
B,H311,B,V315,1.527809
B,H311,B,T329,6.69469
B,H311,B,G330,0.192712
B,H311,B,S331,8.331075
B,H311,B,D333,2.799552
B,H311,B,F335,2.143836
B,H311,B,L336,0.050349
B,H311,B,K337,4.252904
B,H311,B,W339,0.198247
B,H311,R,R413,0.626142
B,D312,B,N313,0.590016
B,D312,B,D333,4.781471
B,D312,R,R413,2.026767
B,N313,B,R314,0.898925
B,N313,B,S331,0.931202
B,N313,B,W332,6.339256
B,N313,B,D333,1.361175
B,R314,B,S331,3.382423
B,R314,B,W332,19.626438
B,V315,B,T329,0.245906
B,V315,B,G330,3.398179
B,V315,B,S331,2.856355
B,S316,B,C317,0.468776
B,S316,B,G330,2.53429
B,S316,B,S331,1.062505
B,S316,B,W332,2.108138
B,C317,B,A328,0.238649
B,C317,B,T329,1.646782
B,C317,B,G330,4.452944
B,L318,B,V327,0.253588
B,L318,B,A328,2.022796
B,L318,B,T329,1.991591
B,G319,B,V327,2.526946
B,G319,B,A328,5.980404
B,V320,B,A326,1.188174
B,V320,B,V327,0.811424
B,T321,B,D323,2.71966
B,T321,B,M325,0.152492
B,T321,B,A326,6.386589
B,D323,B,M325,1.286813
B,M325,B,N340,4.068816
B,A326,B,I338,0.397105
B,A326,B,W339,1.925812
B,A326,B,N340,0.262067
B,V327,B,T329,0.620891
B,V327,B,K337,0.434391
B,V327,B,I338,2.39707
B,V327,B,W339,8.388422
B,A328,B,L336,0.598472
B,A328,B,K337,2.390978
B,A328,B,I338,0.95203
B,T329,B,F335,0.201364
B,T329,B,L336,0.525481
B,T329,B,K337,2.623215
B,T329,B,W339,4.252789
B,G330,B,F335,0.540786
B,G330,B,L336,1.631826
B,S331,B,D333,3.947175
B,D333,B,F335,3.868194
B,S334,B,F335,0.455101
B,F335,B,K337,0.069205
B,L336,B,I338,0.533284
B,K337,B,W339,2.999298
G,V16,G,K20,2.760289
G,E17,B,M217,2.711324
G,E17,G,Q18,2.065293
G,E17,G,M21,0.883679
G,Q18,B,T181,1.898928
G,Q18,B,G182,2.332195
G,Q18,B,K209,1.1269
G,Q18,B,W211,0.440797
G,Q18,B,C218,5.877298
G,Q18,B,R219,0.135919
G,L19,G,E22,0.667598
G,M21,B,M217,4.093911
G,M21,B,C218,3.585919
G,M21,B,R219,2.565006
G,M21,G,N24,0.217991
G,E22,B,R219,2.558144
G,E22,B,Q220,0.605637
G,E22,B,D258,0.353053
G,E22,G,R27,5.629996
G,N24,G,I25,0.243103
G,I25,B,R219,0.357358
G,I25,B,Q220,0.982539
G,I25,G,D26,0.104135
G,I25,G,R27,1.987755
G,D26,B,R256,0.406938
G,D26,G,I28,0.175966
G,R27,B,Q220,1.115126
G,R27,B,R256,1.611486
G,R27,B,A257,0.940539
G,R27,B,D258,8.027676
G,I28,B,R256,6.979086
G,I28,B,A257,2.750149
G,I28,G,K32,2.448203
G,K29,G,S31,0.104059
G,V30,B,A257,0.568234
G,V30,B,Q259,2.660477
G,V30,B,L261,1.015799
G,S31,G,K32,0.360695
G,K32,B,R256,0.991003
G,A33,B,D254,0.763524
G,A33,B,A257,0.063515
G,D36,B,N237,2.101768
G,D36,B,N239,0.423037
G,D36,B,R256,3.571519
G,D36,G,L37,0.911
G,L37,B,F235,2.72589
G,L37,B,A240,0.742303
G,L37,B,L252,0.890291
G,L37,B,D254,0.420167
G,L37,B,L300,0.833043
G,M38,B,L300,0.416685
G,M38,G,E42,1.43799
G,Y40,B,F235,1.881231
G,Y40,B,P236,5.569432
G,Y40,B,N237,6.171603
G,Y40,B,S281,1.028119
G,Y40,G,H44,5.21529
G,C41,B,F235,0.998331
G,C41,B,S281,1.58643
G,C41,B,G282,1.957946
G,C41,B,R283,1.337174
G,C41,B,L300,1.160425
G,A43,G,H44,0.632178
G,H44,B,S281,2.568373
G,H44,G,E47,0.100133
G,A45,G,L51,0.138628
G,A45,G,T52,0.1305
G,K46,G,E47,0.209905
G,K46,G,T52,0.18479
G,E47,B,K280,0.279325
G,D48,B,S279,4.185003
G,D48,B,K280,3.665499
G,D48,B,S281,8.267297
G,D48,B,G282,0.270769
G,D48,B,G324,0.281409
G,D48,G,P49,1.061577
G,D48,G,L50,0.828153
G,D48,G,L51,0.368502
G,P49,B,D323,1.325808
G,P49,B,G324,5.561452
G,P49,B,M325,2.630969
G,P49,B,N340,0.249531
G,P49,G,V54,0.119096
G,L50,B,L284,0.084518
G,L50,B,L286,0.14203
G,L50,B,G324,0.943739
G,L50,B,V327,0.626233
G,L50,B,N340,1.307372
G,L51,B,R283,1.643737
G,L51,B,L284,0.384022
G,L51,G,T52,0.019422
G,T52,G,P53,0.48416
G,V54,B,M325,0.0639
G,V54,G,P55,1.237655
G,V54,G,E58,0.852106
G,V54,G,N59,2.041802
G,V54,G,R62,0.051492
G,P55,G,E58,3.53475
G,A56,G,R62,5.846373
G,S57,G,E58,0.965467
G,N59,B,M325,0.615895
G,N59,B,N340,4.15203
G,N59,G,P60,1.120327
G,N59,G,F61,0.717049
G,N59,G,R62,5.954621
G,P60,B,Y85,5.916847
G,P60,B,M325,0.429117
G,P60,G,F61,1.594836
G,F61,B,W63,0.352954
G,F61,B,S67,0.126162
G,F61,B,S84,4.3644
G,F61,B,Y85,3.279291
G,F61,B,M325,0.141706
G,F61,B,A326,2.165885
G,F61,B,I338,1.450806
G,F61,B,N340,1.43499
P,H1,R,Y239,0.117803
P,H1,R,W304,2.992307
P,H1,R,L307,0.485514
P,H1,R,R308,6.723284
P,H1,R,V311,3.784118
P,S2,R,L382,0.367679
P,S2,R,D385,1.765042
P,S2,R,L386,2.420565
P,Q3,P,F6,0.222687
P,Q3,P,T7,0.145263
P,Q3,R,Y145,0.188032
P,Q3,R,Y149,3.163841
P,Q3,R,I235,0.259284
P,Q3,R,L386,0.96763
P,G4,R,W304,1.843594
P,T5,R,W304,0.046253
P,F6,P,Y10,0.675804
P,F6,R,Y138,0.217026
P,F6,R,Y145,2.794346
P,F6,R,L386,2.791396
P,T7,R,M231,0.657521
P,T7,R,T296,0.71488
P,S8,R,T296,2.351429
P,S8,R,S297,0.792187
P,S8,R,N298,3.919822
P,D9,P,Y13,0.021032
P,D9,R,Y138,0.670302
P,Y10,P,L14,2.574376
P,Y10,R,Y138,0.256021
P,Y10,R,Q142,0.361003
P,S11,R,L198,1.375686
P,S11,R,T296,2.61216
P,S11,R,S297,2.595448
P,K12,R,S297,0.222802
P,K12,R,N298,0.871361
P,Y13,P,E16,2.428187
P,Y13,P,Q17,5.150072
P,Y13,R,V130,0.010912
P,Y13,R,V134,2.487698
P,Y13,R,A135,2.013292
P,Y13,R,Y138,7.255455
P,L14,P,Q17,1.416103
P,L14,R,Y202,1.515733
P,D15,R,Q27,5.228519
P,D15,R,V28,3.792631
P,D15,R,M29,3.512855
P,D15,R,Y202,0.722557
P,D15,R,Q293,2.392817
P,E16,R,V28,1.297489
P,Q17,P,K20,0.622875
P,Q17,P,E21,0.006379
P,A18,P,E21,1.095511
P,A18,R,M29,2.336039
P,A18,R,Y202,0.8449
P,A19,R,V28,0.107607
P,A19,R,M29,1.452693
P,A19,R,L32,0.968533
P,F22,P,W25,1.743504
P,F22,P,L26,1.637219
P,F22,R,M29,1.402596
P,F22,R,L32,1.680516
P,F22,R,F33,0.227386
P,F22,R,W36,0.761038
P,I23,R,L85,0.459223
P,A24,P,N28,0.321893
P,A24,P,T29,0.124313
P,W25,P,L26,0.018733
P,W25,P,T29,1.025588
P,W25,R,W36,0.074056
P,W25,R,T214,0.087121
P,L26,R,W36,1.847656
P,L26,R,D63,2.232276
P,L26,R,K64,3.20385
P,L26,R,Y65,2.424917
P,M27,R,Y65,0.989643
P,M27,R,A118,0.996185
P,N28,R,R111,1.395333
P,N28,R,Q113,0.008811
P,T29,R,D63,0.067022
N,Q1,B,T223,3.045296
N,Q1,B,H225,0.086585
N,Q1,N,Q3,1.197186
N,Q1,N,S25,1.243249
N,Q1,N,G26,2.056697
N,V2,B,H225,0.130456
N,V2,B,E226,2.008468
N,V2,N,S25,0.098665
N,V2,N,G26,0.005673
N,V2,N,F27,1.94689
N,V2,N,R98,1.871698
N,V2,N,A116,0.064529
N,V2,N,Y117,1.482284
N,Q3,N,A23,0.328476
N,Q3,N,A24,0.697529
N,Q3,N,S25,6.623067
N,L4,N,C22,0.190072
N,L4,N,A23,1.119283
N,L4,N,A24,0.952657
N,L4,N,F27,1.36301
N,L4,N,C96,2.327872
N,L4,N,A97,0.729546
N,L4,N,R98,0.596945
N,L4,N,Y117,1.564388
N,L4,N,R118,0.843253
N,L4,N,G119,3.462171
N,L4,N,Q120,3.435307
N,Q5,N,S21,0.699698
N,Q5,N,C22,1.534612
N,Q5,N,A23,9.025967
N,Q5,N,Q120,6.531064
N,E6,N,S21,1.779973
N,E6,N,C22,0.443186
N,E6,N,W36,1.800389
N,E6,N,Y94,2.898084
N,E6,N,Y95,4.139732
N,E6,N,C96,6.843331
N,E6,N,G119,2.091735
N,E6,N,Q120,3.50171
N,E6,N,G121,3.263503
N,E6,N,T122,0.311617
N,S7,N,L20,2.114751
N,S7,N,S21,5.964097
N,S7,N,T122,1.170233
N,G8,N,R19,0.843018
N,G8,N,L20,0.787375
N,G8,N,T122,1.47824
N,G9,N,L18,3.908905
N,G9,N,R19,0.239779
N,G9,N,L20,1.247942
N,G9,N,T122,0.777652
N,G9,N,Q123,1.545351
N,G9,N,V124,0.655092
N,G10,N,L18,0.278404
N,G10,N,Q123,2.708657
N,G10,N,V124,1.938178
N,G10,N,T125,4.528359
N,L11,N,Q13,0.084046
N,L11,N,T125,5.768286
N,L11,N,V126,2.121154
N,L11,N,S127,1.711738
N,V12,N,S17,2.048542
N,V12,N,L18,1.914224
N,V12,N,T125,4.256606
N,V12,N,V126,2.531928
N,V12,N,S127,0.746433
N,Q13,N,P14,0.720585
N,Q13,N,S127,4.73089
N,P14,N,L86,1.016384
N,P14,N,V126,0.044788
N,P14,N,S127,3.446935
N,P14,N,S128,0.001052
N,G15,N,S85,2.400578
N,G15,N,L86,6.115366
N,G16,N,N84,1.100062
N,G16,N,S85,2.407411
N,G16,N,L86,3.15221
N,S17,N,Q82,0.167776
N,S17,N,M83,4.256415
N,S17,N,N84,4.670921
N,S17,N,S85,0.372312
N,S17,N,L86,1.370697
N,L18,N,L81,0.30364
N,L18,N,Q82,4.669387
N,L18,N,M83,10.059692
N,L18,N,L86,0.220036
N,L18,N,V124,0.931964
N,R19,N,Y80,5.145383
N,R19,N,L81,1.225453
N,R19,N,Q82,8.337898
N,L20,N,W36,2.963503
N,L20,N,L79,0.968858
N,L20,N,Y80,3.216858
N,L20,N,L81,4.407294
N,L20,N,M83,0.935886
N,L20,N,Y94,0.998468
N,L20,N,T122,0.537199
N,L20,N,V124,0.218749
N,S21,N,T78,0.126932
N,S21,N,L79,1.940179
N,S21,N,Y80,1.402505
N,C22,N,M34,0.095073
N,C22,N,W36,1.674623
N,C22,N,N77,0.403322
N,C22,N,T78,3.47796
N,C22,N,L79,9.453486
N,C22,N,C96,3.967839
N,A23,N,N77,0.722877
N,A23,N,T78,0.354291
N,A24,N,F27,1.216181
N,A24,N,F29,1.367133
N,A24,N,N77,5.609813
N,G26,B,E226,1.3861
N,F27,B,E226,4.148916
N,F27,N,F29,1.475813
N,F27,N,Y32,2.049968
N,F27,N,R98,5.317141
N,T28,B,E226,1.368717
N,T28,N,N31,4.684114
N,T28,N,Y32,0.454738
N,F29,N,M34,3.353744
N,F29,N,R72,9.204085
N,F29,N,D73,0.834966
N,F29,N,N74,1.122545
N,F29,N,N77,6.683673
N,F29,N,T78,2.494543
N,F29,N,L79,0.694709
N,S30,N,N31,0.667517
N,S30,N,Q53,1.520991
N,S30,N,R72,0.631735
N,S30,N,N74,1.94663
N,N31,N,Y32,0.727798
N,N31,N,Q53,5.43302
N,N31,N,P102,1.778546
N,N31,N,F103,8.092119
N,Y32,B,E226,3.666491
N,Y32,B,D247,0.779964
N,Y32,N,S52,0.442035
N,Y32,N,Q53,5.777232
N,Y32,N,R72,2.834207
N,Y32,N,R98,9.351872
N,Y32,N,C99,0.231462
N,Y32,N,A101,2.487943
N,Y32,N,P102,5.723072
N,K33,A,K271,0.139942
N,K33,N,N35,0.449315
N,K33,N,D50,2.373452
N,K33,N,I51,3.397101
N,K33,N,S52,0.099444
N,K33,N,Q53,1.095368
N,K33,N,R72,0.430871
N,K33,N,R98,1.353122
N,K33,N,C99,3.846619
N,K33,N,T104,1.063317
N,K33,N,R105,0.24741
N,K33,N,C107,2.041279
N,M34,N,S49,0.056079
N,M34,N,D50,2.404794
N,M34,N,I51,7.775539
N,M34,N,I70,0.339808
N,M34,N,R72,2.440832
N,M34,N,L79,1.723079
N,M34,N,C96,0.645866
N,M34,N,A97,1.023519
N,M34,N,R98,2.792443
N,N35,N,W47,2.83015
N,N35,N,S49,3.776904
N,N35,N,D50,3.368556
N,N35,N,L79,0.253965
N,N35,N,Y95,0.314311
N,N35,N,C96,1.200344
N,N35,N,A97,8.321638
N,N35,N,C99,1.371965
N,N35,N,C107,0.351255
N,N35,N,D109,3.963143
N,W36,N,W47,0.998482
N,W36,N,V48,4.625145
N,W36,N,S49,5.959688
N,W36,N,I70,1.738492
N,W36,N,L79,4.106477
N,W36,N,Y80,0.225168
N,W36,N,L81,7.064665
N,W36,N,Y94,1.010447
N,W36,N,Y95,2.891986
N,W36,N,C96,1.547816
N,V37,N,L45,1.209225
N,V37,N,E46,3.697
N,V37,N,W47,0.597567
N,V37,N,V48,0.130781
N,V37,N,V93,0.364473
N,V37,N,Y94,1.414387
N,V37,N,Y95,10.099563
N,V37,N,A97,0.603266
N,V37,N,D109,1.373109
N,V37,N,V110,0.024706
N,R38,N,G44,0.197603
N,R38,N,L45,2.2559
N,R38,N,E46,7.796377
N,R38,N,V48,2.626962
N,R38,N,S63,0.040298
N,R38,N,V64,0.419597
N,R38,N,E89,1.544908
N,R38,N,D90,2.565709
N,R38,N,A92,1.048679
N,R38,N,V93,2.569613
N,R38,N,Y94,8.073256
N,Q39,N,G44,0.563011
N,Q39,N,L45,3.863143
N,Q39,N,A92,3.701138
N,Q39,N,V93,8.386363
N,Q39,N,Y95,4.502577
N,A40,N,P41,0.705306
N,A40,N,K43,1.138918
N,A40,N,T91,0.333436
N,A40,N,A92,1.467253
N,P41,N,T91,1.564855
N,P41,N,A92,0.175695
N,K43,A,T263,3.403912
N,L45,N,Y95,0.190828
N,L45,N,V110,1.878499
N,L45,N,T111,0.346755
N,L45,N,S112,0.004802
N,L45,N,R118,2.111275
N,E46,A,T263,1.221354
N,E46,A,N264,0.622289
N,E46,A,Y311,0.332633
N,E46,N,V110,0.349831
N,W47,A,Q267,3.618242
N,W47,A,K271,9.02702
N,W47,N,D50,3.774264
N,W47,N,S59,1.787986
N,W47,N,Y60,3.493774
N,W47,N,T61,5.109846
N,W47,N,V110,0.672783
N,V48,N,S49,0.379959
N,V48,N,S59,0.211892
N,V48,N,Y60,2.458475
N,V48,N,T61,4.502226
N,V48,N,V64,0.542597
N,V48,N,F68,0.251417
N,V48,N,L81,0.100852
N,V48,N,Y94,0.28676
N,S49,N,S59,2.366775
N,S49,N,Y60,1.665461
N,S49,N,I70,3.04284
N,S49,N,L81,0.684006
N,D50,A,K271,1.106459
N,D50,N,S57,0.948497
N,D50,N,I58,2.553797
N,D50,N,S59,8.09677
N,D50,N,I70,1.401609
N,I51,N,S57,0.122294
N,I51,N,I58,2.497173
N,I51,N,I70,3.133614
N,I51,N,S71,0.865415
N,I51,N,R72,4.329139
N,I51,N,L79,0.590803
N,S52,N,Q53,1.929212
N,S52,N,S57,0.477318
N,S52,N,R72,4.875926
N,Q53,N,R72,7.986701
N,Q53,N,N74,3.318204
N,Q53,N,F103,0.874904
N,Q53,N,T104,0.594285
N,S54,N,R72,0.00457
N,S54,N,N74,1.144195
N,S57,N,S59,0.032182
N,I58,N,Y60,2.504515
N,I58,N,I70,1.323891
N,Y60,N,V64,0.026671
N,Y60,N,K65,2.108099
N,Y60,N,F68,5.119903
N,Y60,N,T69,2.72108
N,Y60,N,I70,4.400832
N,T61,A,N264,0.497037
N,T61,A,Q267,2.011671
N,T61,N,V64,0.658426
N,G62,A,Y311,3.111957
N,G62,A,P313,3.319765
N,G62,A,E314,0.720957
N,S63,A,D310,1.548073
N,S63,A,Y311,1.595521
N,S63,A,P313,0.040657
N,S63,N,V64,0.3672
N,V64,N,R67,1.16789
N,V64,N,F68,3.979277
N,V64,N,D90,0.192684
N,K65,A,E314,2.559883
N,R67,N,F68,0.63569
N,R67,N,Q82,0.556268
N,R67,N,M83,0.364629
N,R67,N,N84,7.39734
N,R67,N,S85,4.814457
N,R67,N,L86,0.892792
N,R67,N,K87,5.522188
N,R67,N,D90,5.498817
N,F68,N,L81,1.128412
N,F68,N,Q82,2.785976
N,F68,N,M83,5.99605
N,F68,N,N84,1.20619
N,F68,N,L86,0.575457
N,F68,N,D90,2.077991
N,F68,N,Y94,0.893238
N,T69,N,Y80,0.675552
N,T69,N,L81,2.677882
N,T69,N,Q82,7.992745
N,I70,N,L79,0.985773
N,I70,N,Y80,3.191332
N,I70,N,L81,0.373509
N,S71,N,T78,0.057007
N,S71,N,L79,2.550449
N,S71,N,Y80,9.831487
N,R72,N,N74,5.752932
N,R72,N,T78,1.685927
N,R72,N,L79,1.122905
N,D73,N,A75,0.172141
N,D73,N,K76,2.103139
N,D73,N,T78,4.431013
N,D73,N,Y80,0.16009
N,K76,N,T78,0.783517
N,K76,N,Y80,0.082442
N,T78,N,Y80,4.764582
N,L79,N,C96,0.660487
N,L81,N,M83,0.877227
N,Q82,N,N84,2.956462
N,M83,N,L86,1.572724
N,M83,N,Y94,2.919595
N,M83,N,V124,0.777785
N,L86,N,D90,1.500057
N,K87,N,P88,0.725404
N,K87,N,E89,3.083753
N,K87,N,D90,1.295708
N,K87,N,V126,1.194737
N,P88,N,E89,1.436916
N,P88,N,V126,2.581019
N,E89,N,D90,0.223737
N,D90,N,Y94,0.488267
N,D90,N,V124,0.867618
N,T91,N,V124,2.198451
N,T91,N,T125,1.769578
N,T91,N,V126,3.466473
N,A92,N,Y94,0.847285
N,A92,N,T122,0.283473
N,A92,N,Q123,4.660314
N,A92,N,V124,6.225971
N,V93,N,Y95,4.139118
N,V93,N,G121,1.258309
N,V93,N,T122,4.725305
N,V93,N,Q123,2.284373
N,Y94,N,G121,1.633209
N,Y94,N,T122,5.112757
N,Y94,N,V124,1.194963
N,Y95,N,R118,2.542392
N,Y95,N,G119,1.425207
N,Y95,N,Q120,2.356072
N,Y95,N,G121,2.471295
N,C96,N,Y117,0.25236
N,C96,N,R118,3.450596
N,C96,N,G119,1.974601
N,A97,N,D109,2.023361
N,A97,N,Y117,1.111947
N,A97,N,R118,1.475017
N,R98,B,E226,2.942916
N,R98,B,S227,0.070306
N,R98,N,D109,0.391705
N,R98,N,Y115,2.696576
N,R98,N,Y117,8.578451
N,C99,N,P100,1.354856
N,C99,N,C107,4.71078
N,C99,N,Y115,2.025954
N,C99,N,Y117,0.06921
N,P100,A,R232,1.327116
N,P100,B,S227,2.094909
N,P100,B,D228,0.488706
N,P100,N,A101,0.102146
N,P100,N,D106,0.649883
N,P100,N,C107,1.979912
N,P100,N,F108,1.294495
N,P100,N,Y115,3.579807
N,P100,N,Y117,1.009764
N,A101,B,S227,1.069198
N,A101,B,D246,0.934056
N,A101,N,P102,0.963542
N,A101,N,T104,0.491485
N,P102,B,S227,0.302063
N,P102,B,D246,1.562136
N,P102,N,F103,1.642823
N,F103,B,I270,2.117018
N,T104,N,D106,0.89563
N,R105,A,D274,0.601208
N,R105,A,N278,11.239227
N,R105,A,A351,0.051174
N,R105,A,S352,4.109268
N,D106,A,D274,0.033156
N,D106,A,S275,5.091993
N,D106,A,N278,3.624752
N,D106,A,N279,6.647445
N,D106,A,K280,0.109678
N,D106,N,F108,0.931079
N,C107,A,S275,4.33521
N,C107,N,D109,0.519851
N,F108,A,R231,0.604789
N,F108,A,R232,2.167356
N,F108,A,L272,0.474565
N,F108,A,S275,3.087782
N,F108,N,Y115,1.712134
N,D109,N,Y115,2.497435
N,D109,N,R118,0.231382
N,T111,A,D229,2.098966
N,T111,A,E230,2.196069
N,T111,N,T113,1.407487
N,T111,N,Y115,0.755026
N,T111,N,R118,2.007291
N,S112,A,D229,3.430893
N,T113,A,R228,2.77909
N,T113,A,D229,5.928062
N,T113,A,E230,0.779804
N,T113,N,T114,0.607595
N,T113,N,R118,2.107174
N,T114,B,T184,1.419469
N,Y115,A,E230,0.415064
N,Y115,A,R232,1.541778
N,Y115,N,Y117,4.496695
N,Y115,N,R118,2.532797
N,A116,B,C204,0.838386
N,A116,B,D205,1.325525
N,A116,N,Y117,1.901765
N,Y117,A,R232,0.426048
N,Y117,B,C204,2.630801
N,Y117,B,D205,2.584139
N,Y117,B,A206,0.854794
N,Y117,B,S227,3.187149
N,Y117,B,D228,6.202919
N,Q123,N,T125,0.666504
N,S127,N,S128,1.054206
R,Q27,R,V28,0.212202
R,Q27,R,V292,0.969712
R,Q27,R,Q293,1.452067
R,Q27,R,S297,4.202222
R,Q27,R,D299,0.792678
R,V28,R,P86,1.130397
R,M29,R,D30,0.133339
R,D30,R,V292,1.482325
R,D30,R,Q293,5.466012
R,F31,R,K35,0.132635
R,L32,R,Y84,0.031751
R,L32,R,P86,1.887784
R,F33,R,E34,3.490576
R,F33,R,W36,1.003689
R,F33,R,W215,0.687182
R,K35,R,G40,0.706335
R,K35,R,W83,0.266035
R,K35,R,Y84,0.769408
R,W36,R,K37,1.79296
R,W36,R,D41,0.014267
R,W36,R,K64,3.826341
R,Y39,R,Q42,3.42264
R,Y39,R,P82,1.516022
R,Y39,R,W83,0.424589
R,Y39,R,Y84,1.099937
R,D41,R,H44,1.176951
R,Q42,R,H45,0.100447
R,C43,R,S66,0.521246
R,C43,R,C67,1.203072
R,H44,R,L47,0.234934
R,H45,R,S48,0.401457
R,H45,R,L49,1.163359
R,N46,R,L50,0.587011
R,N46,R,C67,0.930151
R,N46,R,W68,0.059064
R,N46,R,P69,2.318388
R,S48,R,L49,1.8529
R,L50,R,P51,0.661525
R,P51,R,P52,0.731171
R,P51,R,D70,0.225514
R,P52,R,P53,0.440333
R,P53,R,V57,0.30981
R,P53,R,C58,2.540165
R,P53,R,N59,1.783856
R,P53,R,R60,0.474167
R,L56,R,T71,0.250255
R,L56,R,P72,0.186005
R,L56,R,A73,2.174012
R,L56,R,P102,0.203071
R,V57,R,T71,2.026845
R,V57,R,P102,0.240462
R,V57,R,D103,0.133396
R,V57,R,G104,0.890173
R,C58,R,P69,0.227493
R,C58,R,D70,0.097085
R,C58,R,T71,0.706705
R,C58,R,C100,3.83362
R,C58,R,G104,0.530633
R,N59,R,G104,0.891871
R,R60,R,W68,0.231909
R,T61,R,S66,0.419708
R,D63,R,Q113,0.181199
R,Y65,R,P82,0.075099
R,W68,R,P69,0.537887
R,T71,R,P72,0.691222
R,T71,R,A77,0.402908
R,P72,R,T75,0.179579
R,N74,R,C100,0.284599
R,T75,R,K98,0.451766
R,T76,R,F97,1.081158
R,T76,R,K98,3.231222
R,T76,R,R99,2.168443
R,A77,R,V96,0.375706
R,A77,R,F97,1.403069
R,A77,R,K98,7.879674
R,N78,R,V96,2.335019
R,N78,R,F97,0.487848
R,N78,R,K98,0.095635
R,I79,R,R94,0.107848
R,I79,R,V96,2.968055
R,I79,R,K98,0.175265
R,S80,R,R94,0.199893
R,C81,R,P82,1.200425
R,C81,R,Q92,0.273063
R,C81,R,R94,0.946012
R,C81,R,C121,3.688108
R,P82,R,Y84,0.023781
R,L85,R,P86,0.546362
R,W87,R,Q122,0.103305
R,W87,R,M123,0.041814
R,H88,R,Q92,0.146869
R,R94,R,C121,0.582817
R,V96,R,D117,1.639372
R,V96,R,A118,1.185076
R,F97,R,D117,4.386261
R,K98,R,R116,0.752868
R,K98,R,D117,0.547848
R,R99,R,W106,0.690294
R,R99,R,V107,0.174264
R,C100,R,Q105,4.070773
R,C100,R,W106,2.017791
R,G101,R,W106,0.117106
R,P102,R,Q105,0.393019
R,G104,R,P114,0.2026
R,W106,R,P114,1.907453
R,W106,R,W115,2.250496
R,V107,R,W115,5.41404
R,R108,R,Q113,1.156293
R,R108,R,P114,0.333209
R,R108,R,W115,0.327447
R,Q113,R,P114,0.678653
R,D124,R,E127,0.313667
R,I128,R,E133,1.192275
R,E129,R,E133,1.296344
R,V134,R,M137,1.773284
R,V134,R,Y138,2.711984
R,K136,R,S139,0.022769
R,M137,R,Y138,0.204985
R,M137,R,F141,1.34491
R,M137,R,S379,0.162322
R,S139,R,V143,0.352771
R,S140,R,F141,0.013507
R,F141,R,S379,3.494986
R,F141,R,L382,1.666838
R,F141,R,F383,4.291006
R,Q142,R,V143,0.320653
R,Q142,R,Y145,0.941154
R,Q142,R,T146,1.167295
R,Q142,R,D195,0.503036
R,M144,R,F383,1.265126
R,M144,R,F387,0.396107
R,M144,R,F391,0.192502
R,Y145,R,T146,3.560148
R,Y145,R,Y149,2.367888
R,Y145,R,V191,0.868475
R,Y145,R,D195,6.556824
R,Y145,R,L386,0.296487
R,Y145,R,S390,4.614174
R,T146,R,L192,2.428611
R,T146,R,D195,1.039743
R,V147,R,S150,0.229295
R,V147,R,L151,0.258761
R,G148,R,S390,3.402014
R,G148,R,F391,2.304161
R,Y149,R,K187,1.038865
R,Y149,R,A188,1.471785
R,Y149,R,V191,1.994376
R,Y149,R,L192,2.205392
R,Y149,R,S389,1.073932
R,Y149,R,S390,8.818559
R,S150,R,L151,0.125728
R,S150,R,L192,1.353166
R,L151,R,L394,1.822508
R,S152,R,L156,0.426335
R,S152,R,S390,1.436303
R,S152,R,F391,0.266592
R,S152,R,G393,1.400411
R,S152,R,L394,4.927721
R,L153,R,L157,0.303771
R,L153,R,A188,1.13611
R,L153,R,S189,0.492502
R,L153,R,L192,0.62345
R,A155,R,L394,0.601318
R,A155,R,A397,0.644613
R,A155,R,F402,0.238288
R,L156,R,F181,3.494807
R,L156,R,F184,1.016362
R,L156,R,V185,0.651953
R,L156,R,G393,3.091767
R,L156,R,A397,0.673088
R,L157,R,V185,0.722634
R,L158,R,I162,0.752334
R,L158,R,F402,1.408081
R,A159,R,G164,0.495624
R,A159,R,F181,2.489671
R,A159,R,A397,0.192839
R,A159,R,C401,2.186491
R,L160,R,G165,2.546805
R,L160,R,A178,0.593226
R,L160,R,F181,0.842924
R,L160,R,A182,0.152186
R,A161,R,L166,1.283145
R,I162,R,C401,0.693762
R,I162,R,V407,0.533625
R,I162,R,L411,0.842988
R,L163,R,K168,3.112436
R,L163,R,N174,1.812298
R,L163,R,A178,1.324197
R,L163,R,F181,0.264545
R,L163,R,Y400,0.36032
R,L163,R,C401,0.126067
R,G164,R,L169,0.979385
R,L166,R,E410,2.586352
R,L166,R,R414,1.283657
R,S167,R,E410,0.209239
R,K168,R,N174,1.224383
R,K168,R,E406,4.682138
R,K168,R,V407,3.380782
R,H170,B,F335,0.321343
R,H170,R,C171,0.488661
R,C171,R,N174,2.477012
R,T172,R,Y248,3.723029
R,T172,R,S262,1.609521
R,R173,A,Q390,5.264258
R,R173,A,Y391,5.962201
R,R173,R,N174,0.955279
R,R173,R,H177,0.347348
R,R173,R,Y248,4.69665
R,R173,R,E406,5.040714
R,N174,R,E406,0.085004
R,A175,R,F264,1.466413
R,I176,R,W241,1.96244
R,I176,R,V244,1.027656
R,I176,R,E245,3.27519
R,I176,R,Y248,0.452405
R,I176,R,F264,1.106099
R,I176,R,Y267,0.296395
R,H177,A,Y391,2.11202
R,H177,R,E245,8.351909
R,H177,R,L358,1.057374
R,H177,R,Y400,3.78172
R,A178,R,N179,0.207706
R,N179,R,W241,4.340166
R,N179,R,F264,0.828032
R,N179,R,L268,0.193731
R,N179,R,W272,0.313049
R,L180,R,F184,1.483265
R,L180,R,W241,7.127934
R,L180,R,L242,0.845814
R,L180,R,E245,0.863134
R,L180,R,L358,0.198249
R,L180,R,V396,0.607192
R,F181,R,V396,2.998411
R,F181,R,A397,0.801293
R,F181,R,Y400,0.253518
R,F181,R,C401,1.317582
R,S183,R,G234,0.305636
R,S183,R,A237,3.693251
R,S183,R,N238,4.761427
R,S183,R,W241,0.988826
R,S183,R,W272,0.006001
R,F184,R,K187,0.070429
R,F184,R,N238,8.479318
R,F184,R,L242,0.248594
R,F184,R,Q392,3.332788
R,F184,R,G393,4.264325
R,F184,R,V396,0.123735
R,V185,R,S190,0.19091
R,L186,R,F230,1.513695
R,L186,R,Y233,1.247026
R,L186,R,G234,0.745706
R,L186,R,A237,0.084834
R,K187,R,G234,2.920136
R,K187,R,I235,0.342813
R,K187,R,N238,3.929511
R,K187,R,Y239,1.560365
R,K187,R,S389,0.108824
R,S190,R,V191,0.396327
R,S190,R,F230,1.127052
R,S190,R,M231,5.833724
R,V191,R,L192,0.007689
R,V191,R,D195,1.824835
R,V191,R,M231,0.767601
R,L192,R,D195,0.696606
R,V193,R,L197,0.021572
R,I194,R,A227,1.316177
R,I194,R,A228,1.418637
R,I194,R,M231,1.836
R,I194,R,T296,0.734306
R,L197,R,G223,0.220253
R,L197,R,C224,1.853043
R,L197,R,A227,0.117045
R,L198,R,C224,0.347335
R,L198,R,C294,0.672255
R,L198,R,T296,0.466463
R,R199,R,T200,0.252646
R,R199,R,S203,0.090356
R,R201,R,Y202,4.520661
R,R201,R,L216,3.472641
R,R201,R,C224,0.203237
R,R201,R,Q293,5.487716
R,R201,R,C294,2.91081
R,Y202,R,Q293,1.072218
R,W215,R,L216,0.010265
R,W215,R,D218,1.241501
R,W215,R,V221,0.506753
R,S217,R,A220,0.46929
R,D218,R,V221,1.911899
R,V221,R,R225,1.88602
R,V221,R,Q293,2.65202
R,C224,R,Q293,0.192603
R,C224,R,C294,3.933178
R,R225,R,N291,10.146937
R,R225,R,V292,5.505956
R,R225,R,Q293,1.005419
R,R225,R,W295,16.028163
R,A228,R,W282,0.555449
R,A228,R,W295,1.659523
R,A228,R,T296,0.377778
R,V229,R,V279,0.531238
R,V229,R,W282,2.443339
R,V229,R,A283,0.647508
R,M231,R,Q232,2.541121
R,M231,R,I235,0.868359
R,Q232,R,I235,1.428659
R,Q232,R,V279,1.602786
R,Q232,R,W282,2.555179
R,Q232,R,W304,0.590175
R,Q232,R,L307,2.556521
R,Y233,R,A237,0.220557
R,Y233,R,W272,2.876664
R,Y233,R,P275,1.908885
R,Y233,R,M276,2.861016
R,Y233,R,V279,2.39716
R,I235,R,V236,0.028439
R,I235,R,Y239,0.433295
R,V236,R,W241,0.054697
R,V236,R,P275,5.083217
R,V236,R,V279,0.932463
R,V236,R,L307,0.811892
R,V236,R,P310,1.258602
R,V236,R,V311,0.135231
R,A237,R,P275,1.955721
R,N238,R,Y239,0.717867
R,N238,R,L242,0.860157
R,N238,R,Q392,0.151864
R,Y239,R,V311,3.451581
R,Y239,R,A314,1.923881
R,Y239,R,I315,0.959227
R,C240,R,I270,1.213738
R,C240,R,G271,0.855701
R,C240,R,A274,0.565883
R,C240,R,P275,0.464309
R,C240,R,A314,0.655441
R,W241,R,V244,0.289843
R,W241,R,Y267,0.832821
R,W241,R,L268,1.422725
R,W241,R,G271,3.984344
R,W241,R,W272,7.596545
R,L242,R,N318,3.741302
R,L242,R,L357,0.250133
R,L242,R,L358,2.523143
R,L242,R,G359,1.068396
R,L242,R,Q392,1.110568
R,L243,R,L247,0.250387
R,L243,R,A314,1.401982
R,L243,R,I317,1.165037
R,L243,R,N318,0.291679
R,V244,R,Y267,2.128445
R,V244,R,I270,0.567183
R,V244,R,G271,0.835925
R,E245,A,Y391,1.342977
R,E245,R,L358,1.774071
R,G246,R,N318,1.075129
R,G246,R,I321,4.438096
R,L247,R,Y267,0.790874
R,L247,R,I321,1.866172
R,Y248,A,Y391,2.275791
R,Y248,R,L252,1.777445
R,Y248,R,Y267,1.750516
R,L249,A,Y391,4.779394
R,L249,R,L253,0.714211
R,L249,R,I325,1.207314
R,H250,R,I321,1.499392
R,H250,R,R324,1.543742
R,N251,R,L255,1.09821
R,N251,R,F263,0.814127
R,N251,R,Y267,0.887213
R,L252,A,H387,8.207963
R,L252,A,Y391,0.731099
R,L252,R,P259,0.973804
R,L253,A,Q384,2.65374
R,L253,A,H387,1.291808
R,L253,A,L388,0.75335
R,L253,R,I325,0.627174
R,L253,R,L328,0.83103
R,L255,A,R380,0.169515
R,L255,A,Q384,0.08241
R,L255,R,P259,0.384652
R,A256,A,F376,0.713392
R,A256,A,R380,0.536667
R,A256,A,I383,1.009326
R,T257,A,I383,1.854769
R,T257,A,H387,0.257799
R,T257,R,L258,0.541221
R,L258,A,I383,0.078648
R,L258,A,M386,0.572758
R,L258,A,H387,1.149571
R,L258,R,P259,0.708526
R,R261,R,S262,2.205125
R,R261,R,F263,2.166435
R,R261,R,F264,0.050346
R,R261,R,S265,1.744005
R,S262,R,F264,0.989519
R,S262,R,Y267,0.650978
R,F263,R,L266,0.200417
R,F263,R,Y267,2.089629
R,F264,R,L268,1.815862
R,L266,R,Y267,0.125594
R,Y267,R,I270,0.215374
R,L268,R,W272,1.292236
R,L268,R,G273,0.542853
R,G269,R,A274,0.637745
R,A274,R,P275,0.714174
R,P275,R,V279,0.037231
R,P275,R,V280,0.227559
R,M276,R,V280,0.169729
R,M276,R,P281,0.458064
R,L277,R,F278,1.922246
R,F278,R,I306,2.574983
R,F278,R,L307,0.697566
R,F278,R,F309,1.77175
R,F278,R,P310,7.540571
R,V279,R,V280,0.413309
R,V279,R,L307,1.335183
R,V280,R,P281,0.78953
R,P281,R,I306,0.423972
R,W282,R,A283,0.501705
R,W282,R,K286,1.272943
R,W282,R,W295,1.369131
R,W282,R,F303,2.43703
R,W282,R,I306,1.104684
R,W282,R,L307,3.518185
R,A283,R,W295,1.497903
R,V284,R,V285,0.085201
R,V285,R,F289,0.052243
R,V285,R,E290,0.574968
R,V285,R,F303,1.894707
R,K286,R,N291,3.835185
R,K286,R,W295,9.64467
R,K286,R,T296,0.023221
R,K286,R,S297,0.894362
R,K286,R,F303,1.210287
R,C287,R,W295,3.052054
R,L288,R,F289,0.506936
R,F289,R,E290,0.94254
R,E290,R,F303,2.305611
R,N291,R,W295,3.840019
R,V292,R,Q293,1.201525
R,Q293,R,C294,0.002029
R,C294,R,T296,0.405324
R,T296,R,S297,0.438716
R,N298,R,M301,0.891259
R,N298,R,F303,0.010225
R,N298,R,W304,7.955462
R,N300,R,F303,4.390457
R,M301,R,W304,1.89373
R,M301,R,W305,0.516841
R,F303,R,I306,0.931073
R,W304,R,W305,0.063772
R,W304,R,L307,0.858843
R,W305,R,R308,0.63824
R,R308,R,F312,2.081664
R,R308,R,L313,0.008635
R,R308,R,F365,1.742281
R,F309,R,P310,1.284359
R,F309,R,L313,0.020916
R,P310,R,V311,0.037793
R,F312,R,L316,0.300121
R,L313,R,I317,0.519047
R,L313,R,N318,0.050032
R,I315,R,G359,0.352202
R,I315,R,V360,1.25273
R,I315,R,E362,0.480448
R,I317,R,I321,0.259216
R,N318,R,I321,0.538377
R,N318,R,L358,1.757478
R,N318,R,G359,2.491401
R,N318,R,V360,1.604339
R,F319,R,F322,1.733454
R,F319,R,V360,2.713971
R,F320,R,I321,0.058146
R,F320,R,R324,4.257289
R,F322,R,V326,1.635092
R,F322,R,I355,1.633474
R,R324,R,Q327,0.144864
R,I325,A,L393,0.203291
R,V326,R,L352,2.199296
R,L328,A,Q384,1.197615
R,L328,A,L388,0.175169
R,L328,R,K332,0.503064
R,L329,A,L388,0.611692
R,L329,A,L393,2.24698
R,L329,A,L394,0.653756
R,L329,R,L333,0.087593
R,L329,R,T351,1.157494
R,L329,R,L352,0.191365
R,V330,R,R334,2.074601
R,K332,A,D381,1.927096
R,K332,A,Q384,1.524694
R,K332,A,R385,6.14298
R,K332,A,L388,0.023704
R,K332,A,L394,0.406251
R,K332,R,Q337,2.134641
R,L333,R,Q337,1.948818
R,L333,R,H339,2.371512
R,L333,R,K344,0.507231
R,L333,R,L347,0.62559
R,L333,R,A348,1.581506
R,R334,R,H339,0.148947
R,R334,R,K344,4.362659
R,A335,A,R385,0.792719
R,A335,R,R336,0.115845
R,R336,A,L346,2.061056
R,R336,A,Y358,0.286576
R,R336,A,C359,5.125841
R,R336,A,Y360,0.193886
R,R336,A,P361,1.362795
R,R336,A,R385,0.434068
R,Q337,A,Y358,0.0798
R,Q337,A,R385,1.945
R,M338,A,T350,1.492176
R,M338,A,G353,0.228047
R,H339,R,Y343,0.013194
R,H339,R,K344,2.300186
R,Y343,R,R346,0.49432
R,Y343,R,L347,0.722301
R,K344,R,F345,0.112241
R,R346,R,L347,0.876957
R,R346,R,S350,0.663173
R,L347,A,L394,0.015628
R,L347,R,S350,0.258874
R,L347,R,T351,0.1825
R,K349,R,L352,1.411623
R,T351,A,E392,0.682756
R,T351,A,L393,5.364378
R,T351,A,L394,0.147119
R,T351,R,L352,0.357334
R,L354,R,L399,1.548699
R,L354,R,Y400,4.364839
R,I355,A,L393,1.757993
R,I355,R,P356,0.941453
R,I355,R,Y400,1.144682
R,P356,R,L357,0.15156
R,P356,R,H361,1.221917
R,L357,R,Q392,1.399668
R,L357,R,L395,2.47594
R,L357,R,V396,4.170818
R,L357,R,L399,2.076858
R,L357,R,Y400,0.786491
R,L358,R,V396,1.04895
R,L358,R,Y400,5.763793
R,V360,R,E362,0.531351
R,H361,R,L388,0.186964
R,H361,R,Q392,3.991578
R,E362,R,F365,0.651419
R,V363,R,V364,0.223167
R,V364,R,K381,2.142751
R,V364,R,D385,2.191717
R,F367,R,K381,3.386599
R,L377,R,L382,1.801911
R,R378,R,K381,0.965726
R,S379,R,A380,0.015224
R,L382,R,L386,0.329605
R,L382,R,F387,0.24268
R,F383,R,F384,1.880917
R,D385,R,S389,1.30145
R,L386,R,S389,0.207996
R,F387,R,L388,0.214952
R,F387,R,F391,3.804937
R,S390,R,F391,0.28865
R,F391,R,L394,1.60411
R,F391,R,L395,0.169038
R,L394,R,V398,0.432709
R,V396,R,Y400,0.098033
R,V396,R,C401,0.421529
R,A397,R,F402,5.898679
R,V398,R,L399,0.499611
R,V398,R,F402,0.037942
R,V398,R,L403,4.243121
R,L399,R,Y400,1.003256
R,L399,R,L403,0.664612
R,L399,R,N404,2.488699
R,C401,R,F402,1.849418
R,C401,R,V407,1.83535
R,F402,R,L403,0.080359
R,F402,R,V407,1.128134
R,F402,R,Q408,3.290078
R,L403,R,Q408,0.351021
R,N404,R,E406,4.716337
R,N404,R,V407,1.725783
R,V407,R,E410,0.352271
R,V407,R,L411,1.025566
R,V407,R,R412,0.073835
R,Q408,R,R412,0.617786
R,S409,R,E410,0.001613
R,S409,R,R413,0.261981
R,E410,R,L411,0.638064
R,E410,R,R414,2.656645
R,R413,R,R417,0.255702
R,R414,R,R417,4.319513
